/*
 Navicat Premium Data Transfer

 Source Server         : localhost
 Source Server Type    : MySQL
 Source Server Version : 100406
 Source Host           : localhost:3306
 Source Schema         : estock

 Target Server Type    : MySQL
 Target Server Version : 100406
 File Encoding         : 65001

 Date: 21/12/2021 22:09:57
*/

SET NAMES utf8mb4;
SET FOREIGN_KEY_CHECKS = 0;

-- ----------------------------
-- Table structure for historyharga
-- ----------------------------
DROP TABLE IF EXISTS `historyharga`;
CREATE TABLE `historyharga`  (
  `id` int(11) NOT NULL AUTO_INCREMENT,
  `KodeItem` varchar(55) CHARACTER SET latin1 COLLATE latin1_swedish_ci NOT NULL,
  `OldPrice` decimal(10, 2) NOT NULL,
  `NewPrice` decimal(10, 2) NOT NULL,
  `CreatedBy` varchar(255) CHARACTER SET latin1 COLLATE latin1_swedish_ci NOT NULL,
  `CreatedOn` datetime(6) NOT NULL,
  PRIMARY KEY (`id`) USING BTREE,
  INDEX `idx_Item`(`KodeItem`) USING BTREE
) ENGINE = InnoDB AUTO_INCREMENT = 4 CHARACTER SET = latin1 COLLATE = latin1_swedish_ci ROW_FORMAT = Dynamic;

-- ----------------------------
-- Records of historyharga
-- ----------------------------
INSERT INTO `historyharga` VALUES (1, '100001', 0.00, 12000.00, 'UATTest', '2021-12-21 22:08:55.000000');
INSERT INTO `historyharga` VALUES (2, '100001', 12000.00, 12500.00, 'UATTest', '2021-12-21 22:09:12.000000');
INSERT INTO `historyharga` VALUES (3, '100001', 12500.00, 12300.00, 'UATTest', '2021-12-21 22:09:34.000000');

-- ----------------------------
-- Table structure for itemmasterdata
-- ----------------------------
DROP TABLE IF EXISTS `itemmasterdata`;
CREATE TABLE `itemmasterdata`  (
  `KodeItem` varchar(55) CHARACTER SET latin1 COLLATE latin1_swedish_ci NOT NULL,
  `NamaItem` varchar(255) CHARACTER SET latin1 COLLATE latin1_swedish_ci NOT NULL,
  `KodeSatuan` varchar(255) CHARACTER SET latin1 COLLATE latin1_swedish_ci NOT NULL,
  `NamaSatuan` varchar(255) CHARACTER SET latin1 COLLATE latin1_swedish_ci NOT NULL,
  `KodeKategori` varchar(255) CHARACTER SET latin1 COLLATE latin1_swedish_ci NOT NULL,
  `NamaKategori` varchar(255) CHARACTER SET latin1 COLLATE latin1_swedish_ci NOT NULL,
  `LastPrice` decimal(10, 2) NOT NULL,
  `OldPrice` decimal(10, 2) NOT NULL,
  `OtherPrice` decimal(10, 2) NOT NULL,
  `QtyMinimum` decimal(10, 2) NOT NULL,
  `ImageLink` text CHARACTER SET latin1 COLLATE latin1_swedish_ci NOT NULL,
  `StatusPublikasi` int(1) NOT NULL COMMENT '1: Active, 0: DeActive',
  `Description` text CHARACTER SET latin1 COLLATE latin1_swedish_ci NOT NULL,
  `CreatedBy` varchar(255) CHARACTER SET latin1 COLLATE latin1_swedish_ci NOT NULL,
  `CreatedOn` datetime(6) NOT NULL,
  PRIMARY KEY (`KodeItem`) USING BTREE,
  INDEX `idxhisHarga`(`KodeItem`) USING BTREE
) ENGINE = InnoDB CHARACTER SET = latin1 COLLATE = latin1_swedish_ci ROW_FORMAT = Dynamic;

-- ----------------------------
-- Records of itemmasterdata
-- ----------------------------
INSERT INTO `itemmasterdata` VALUES ('100001', 'Minyak bimoli', 'LT', 'Liter', '1', 'SEMBAKO', 12300.00, 12500.00, 0.00, 1.00, 'http://localhost/estock/localData/image/100001.jpg', 1, 'Minyak bimoli', 'UATTest', '2021-12-21 10:09:34.000000');

-- ----------------------------
-- Table structure for permission
-- ----------------------------
DROP TABLE IF EXISTS `permission`;
CREATE TABLE `permission`  (
  `id` int(11) NOT NULL AUTO_INCREMENT,
  `permissionname` varchar(255) CHARACTER SET latin1 COLLATE latin1_swedish_ci NULL DEFAULT NULL,
  `link` varchar(255) CHARACTER SET latin1 COLLATE latin1_swedish_ci NULL DEFAULT NULL,
  `ico` varchar(255) CHARACTER SET latin1 COLLATE latin1_swedish_ci NULL DEFAULT NULL,
  `menusubmenu` varchar(255) CHARACTER SET latin1 COLLATE latin1_swedish_ci NULL DEFAULT NULL,
  `multilevel` bit(1) NULL DEFAULT NULL,
  `separator` bit(1) NULL DEFAULT NULL,
  `order` int(255) NULL DEFAULT NULL,
  `status` bit(1) NULL DEFAULT NULL,
  `AllowMobile` bit(1) NULL DEFAULT NULL,
  `MobileRoute` varchar(255) CHARACTER SET latin1 COLLATE latin1_swedish_ci NULL DEFAULT NULL,
  `MobileLogo` int(255) NULL DEFAULT NULL,
  PRIMARY KEY (`id`) USING BTREE
) ENGINE = InnoDB AUTO_INCREMENT = 12 CHARACTER SET = latin1 COLLATE = latin1_swedish_ci ROW_FORMAT = Dynamic;

-- ----------------------------
-- Records of permission
-- ----------------------------
INSERT INTO `permission` VALUES (1, 'User Management', NULL, 'fa-user', '0', b'1', b'0', 0, b'1', NULL, NULL, NULL);
INSERT INTO `permission` VALUES (2, 'Roles', 'role', NULL, '1', b'1', b'0', 1, b'1', NULL, NULL, NULL);
INSERT INTO `permission` VALUES (3, 'Users', 'user', NULL, '1', b'1', b'0', 3, b'1', NULL, NULL, NULL);
INSERT INTO `permission` VALUES (4, 'Master Data', NULL, 'fa-briefcase', '0', b'1', b'0', 4, b'1', NULL, NULL, NULL);
INSERT INTO `permission` VALUES (5, 'Item', NULL, NULL, '4', b'1', b'1', 5, b'1', NULL, NULL, NULL);
INSERT INTO `permission` VALUES (6, 'Kategori Item', 'kategori', NULL, '4', b'1', b'0', 6, b'1', NULL, NULL, NULL);
INSERT INTO `permission` VALUES (7, 'Satuan Jual', 'satuan', NULL, '4', b'1', b'0', 7, b'1', NULL, NULL, NULL);
INSERT INTO `permission` VALUES (8, 'Item Master Data', 'item', NULL, '4', b'1', b'0', 8, b'1', NULL, NULL, NULL);
INSERT INTO `permission` VALUES (9, 'Customer', NULL, NULL, '4', b'1', b'1', 9, b'1', NULL, NULL, NULL);
INSERT INTO `permission` VALUES (10, 'Master Customer', NULL, NULL, '4', b'1', b'0', 10, b'1', NULL, NULL, NULL);
INSERT INTO `permission` VALUES (11, 'Termin Penjualan', NULL, NULL, '4', b'1', b'0', 11, b'1', NULL, NULL, NULL);

-- ----------------------------
-- Table structure for permissionrole
-- ----------------------------
DROP TABLE IF EXISTS `permissionrole`;
CREATE TABLE `permissionrole`  (
  `roleid` int(11) NOT NULL,
  `permissionid` int(11) NOT NULL
) ENGINE = InnoDB CHARACTER SET = latin1 COLLATE = latin1_swedish_ci ROW_FORMAT = Dynamic;

-- ----------------------------
-- Records of permissionrole
-- ----------------------------
INSERT INTO `permissionrole` VALUES (2, 5);
INSERT INTO `permissionrole` VALUES (1, 1);
INSERT INTO `permissionrole` VALUES (1, 2);
INSERT INTO `permissionrole` VALUES (1, 3);
INSERT INTO `permissionrole` VALUES (1, 4);
INSERT INTO `permissionrole` VALUES (1, 5);
INSERT INTO `permissionrole` VALUES (1, 6);
INSERT INTO `permissionrole` VALUES (1, 7);
INSERT INTO `permissionrole` VALUES (1, 8);
INSERT INTO `permissionrole` VALUES (1, 9);
INSERT INTO `permissionrole` VALUES (1, 10);
INSERT INTO `permissionrole` VALUES (1, 11);

-- ----------------------------
-- Table structure for roles
-- ----------------------------
DROP TABLE IF EXISTS `roles`;
CREATE TABLE `roles`  (
  `id` int(11) NOT NULL AUTO_INCREMENT,
  `rolename` varchar(255) CHARACTER SET latin1 COLLATE latin1_swedish_ci NULL DEFAULT NULL,
  PRIMARY KEY (`id`) USING BTREE
) ENGINE = InnoDB AUTO_INCREMENT = 4 CHARACTER SET = latin1 COLLATE = latin1_swedish_ci ROW_FORMAT = Dynamic;

-- ----------------------------
-- Records of roles
-- ----------------------------
INSERT INTO `roles` VALUES (1, 'Super Admin');
INSERT INTO `roles` VALUES (2, 'Admin');
INSERT INTO `roles` VALUES (3, 'User');

-- ----------------------------
-- Table structure for tkategori
-- ----------------------------
DROP TABLE IF EXISTS `tkategori`;
CREATE TABLE `tkategori`  (
  `id` int(11) NOT NULL AUTO_INCREMENT,
  `NamaKategori` varchar(255) CHARACTER SET utf8mb4 COLLATE utf8mb4_general_ci NOT NULL,
  `ShowHomePage` int(11) NOT NULL,
  `ImageLink` varchar(255) CHARACTER SET utf8mb4 COLLATE utf8mb4_general_ci NULL DEFAULT NULL,
  `ImageBase64` text CHARACTER SET utf8mb4 COLLATE utf8mb4_general_ci NULL,
  PRIMARY KEY (`id`) USING BTREE
) ENGINE = InnoDB AUTO_INCREMENT = 2 CHARACTER SET = utf8mb4 COLLATE = utf8mb4_general_ci ROW_FORMAT = Dynamic;

-- ----------------------------
-- Records of tkategori
-- ----------------------------
INSERT INTO `tkategori` VALUES (1, 'SEMBAKO', 1, 'http://localhost/estock/localData/KategoriImage/sembako.png', 'data:image/png;base64,iVBORw0KGgoAAAANSUhEUgAAAUUAAAEECAIAAAAwErHDAAAgAElEQVR4nOx9Z3gc1dn2fWZ706p3yXLvDWNjSjAdTAkkISEQ0ggpQApJPhLSe15CKsn7pgAhhBBIgNB7iWmmuOHebUmW1ev2NjPn+7Gr3Slnyq5Wsgy6L12XZs48p+zM3POU08imTe9gClOYwrsC3LFuwBSmMIWiYYrPU5jCZMdNe+x3dVhbo8ZsJVP29nEEQsjEV0opnfhKpyDFyeudKREA/rYsudgn6khaJ6hFUzCNY0JaHei0Z4rqEwze6H5P8fkYo2D2jivrTfJU3fgpho8rDJ/5FJ8nGnkRWEN23BX4aL0McuoTVvHrpug9wZji87jDJIFVUpPB6ma0gUl1LdpO0XuCMcXncYEhh4vL3qK43HmSTVYjITDDcGk7p7g9Hpjic9GQD4fzo9/ERMgMazFioCbDp7hdLEz5z+MOHRrIr5i0uieDmc0Gs226VCSjGSHV3uoc2ZKniD1GTPG5QGgRLy8OF8DeCSa8IcFMh7glxgnR5PYUsceIKT7nBxM01uObeTZOEkWt1QwdvpmIgTG4PUXsomCKz6ZgROMxcXiydUGbYZB529vIT1ba5FPEfqxTeLwtluJ5KvBldvKVpf7spSn/eUwomMb6FJ3kXdDj1/lshtvvZWK/M4JvbI5aqfiLE91LSjkAb/SlvvlqF18y2+QTn+IzA4XReOwcLkonVl5KW5caxex8zpPb70ViP9FDfrItVmEnT53pzU68OKXadspFzavXE15v1HYOU3yWgcm6gmmcZy90vl3WeeQ1V6YmPdRkVBWiF76GaW4XQOx3B6s3jZCf7uJB6R9WudSzqMw/3Sk+Z6Dmnn6IS1uH62tp2Zk5MQPh4kG/PUrayHlEtIR1eqegYqMRsRnBs3cBqynwtR0cpbTOa5vl0ZM0NL7e63zOVyEXQGPD0HcBZvYEBL/1dTJYJJdkYdPbfM+zRno2eKZU18e1EX57myXGUwIsLB3regTvXT5rK+Qi0NhIt8vOtNtYMG9NZtP1njXK0FLLUDFcTW8dbhdAbKYdfjyq66d6SPqH1DrH+p1+L/J57EwugMZmOGwmZGYokQ8Kob26kdqGtz63CyG2jh1+/LJ6IJFpZ9Jc0EsH7y0+m2dyQTTOzwOHHoHN8rbohjezC1lLltkG01a3UmmbIbauuj5eWS2MNnB/UAQsiqsxAaLpX/Be4fNYmFxEGhdG4Insgs6n81nRALP0Zmlm4zg2WMR+d7DaxiEhAMDOYT4pWuwSJ5oCn32xU3TPSP86Q2K/+9cDJIQoCElI+hkTuQIhLEllymh2ZQmjidJ09SVZMfI/qIXTpckLZGRh/WRTf/q3Tf2XvUMF/yKFpLQ06aVsuup3sR+QPJGwBNmPcpJgji/TMF4QPvlWIruoUE+MfuTZrtMaS2ocmZQQb/AT3s36WUMnF6iQmdo4T1WsU6ymgFGZhcNkaYV2PkvFlKrbhNLW1Njm1bU6bXLq6h/NFy5/i0u36fBwbM1T0Vo3l0gmA+HIV0+s+WCLq3e/+ESvBcD6Ye60ckGnqHenftbVyfpimgqZqXZMqGJ9laWpck1rVC3tXfCf+mYatkShw/VVt8GNYubNS10bSU06Xd3kpL9eTJ3WjOcsCHzXSMRrt95/YfMHW1wAPj+Nb3JRAA92Wf7aYdWJmr0L1+tVMzn9X0dGI4WZUSdRlqZRGuOSRgl6pZnIMiZoKDA9taafhXVVf4AKmL60RiJD5apSGBknlaKmwOsD2B0QS630vHpLmU12VQR6E8Rrgc+q28v4buLz+DGZyUaWmmKWw7jEys4WLoi3JvPk/TYz2WVCTCZsyG25ADPXcc/q8vKyRCIZiUQ8HncsFi8p8QmCkErxPM8DcDgckUikvLwsFotZrbZUKpVKpZxORzyecLtdPC8AeLU7Ue+kQZ7M8YiW0Qf+LvGfx5/JOhzLg8baNrO+gF51+eRlF6X7Put3PhMm96Ri5uPb2RLS2VXdWlSRaCaUrUphZDwmTnUikSCEuN1ut9tNCAkEgl6vx263u92ucDhSUuJLJpOiKCYSSUKI0+lwOOwAvF6r1WqNx0NutyskJAHaGiVRgVvhz9jg7wY+S2k5NiYbfBT0FTKzalYu/TINyy8+DNugo5YVnzY1vVncznnRKoVJ1Bm1OUwAcER08Xss4kjQdsposQWyeiIp7Xa7k8kUIWIkEuE4rqTERwhJpfh4POZ2u4eGhl0up8VisdmshBBRFAEiigKlsFgsqVSK521Vduq2oMFJ4xJ/+vi2t1lq2YC6hpo8X4VcAI0NtbS2jF6W4sH4tTZjeEtkDF1l6HjLWjXaxIGK2D9LE89axOBR3w9H7OcAoJRywy+R4JtIDYJzUuc06ppLfauoxQO2ElamHRPzm/k1KeATc7zq5wIM7AKYrKOQ8w2M6XPYvJY2CcPPQb4zn7P5NMonavZKzSbFVS2lrdLYGXVNkAKxSeVLE8/WhX/N0SiAqG3ZiP1cAIQPWFq/g+BG5S+xVfGz/486mjS6tY69+c2sroA2HJd8NlTL+kxWZzFisplvh7IGVqIso8l4mPJakVSyyXJMjgmDLns1rsouqcaKUQCgoi/5elnsPwLxHS35afZbUBH7d034tkwpxNHlvZkQIDXE7f8iYodkDbT6xeorafUV4Fy5j4SG+a1wxSdV9NskjjM+F10tm2fy2Gich6WtXbgWimh1q00+lhB70AjMaGbJVRmx1d6yJ7W5NvRLO98GoL30j9nqvMm3smQG0Ou5IWFpBkCCb4BzgnNCjINY4J5LKy4Syi8C5xytlyic6kmoqMeI44nPY1TLCkK6xAMufl/Afo5IXHIBmZg6o0oS+jQ2z+F8re5xiJCl32DmJa0YmNkxYVqamUnsisjfq8J/TqfEbQui9uUEoBQEfF341myJA+SUYX46KA9ipRWX0IpLAAohTIkTxAqAQI+i7z5FfdzwWT+IXYBOTlpapgVuqon8ucv7zZDj9KxwZew+gXiHnZdqVCQrmJUIQy2tUZqmZEG8Ncyj+Y5qfYC0glUa9NbhtpbJnblcGbmjMnxnNvOA55os0zzx1yEEYylrPJ4MhMVY4lXgVc7qR+1VYvVV4BwAgcUnoXHOejfP6mMb+h4LLJ/73BeOdRsMoBidN6qW8yIzAQhJHOH6H+KGnkTsMHG1UM4rcH5/4nl/4qWEdXrCOj0tZqXDDcEfOsSOsPN0wJIlJ2FMG2AmEnWitMGEPWoyJyYdMqkSU5epyJgFjP4kohoFqh6EsgSmMKvl7JvgEg5UB38Tcp4jTfQlX68N3pLNGbMv6/den/0QpEjV0JGXRwZ7wzHKZwcyiwkEN5GhZ4irhTqapA9I8bzkP0fntVHKT7YholqY7P1VRVHLJNlNjvyKBF7PXbN4MO0mWnFhQ+in/vjTIldyoPxhgXgIgYWG5wxcACoMu6/o8X5V9lAhUFglJefaw1TRrMYwZMyb2cfkjTI5JkwuadBBxdFERfjPZZH7YralHRV/yQpwSEzvv9wq9KbFROJur7g77R7nyhGjOPxDDP2X3YiqS2nz1+ioD6XqBmP0iil0r/xUKT/JFfWk1s8Fq+VR5ZCRJxYnsVfBUUuIDZwdrhmo/hAtP48kjoRCkZjoF6iDtzUKtgaAUOJwp3bYhaOu1O6Icw3PVaSLBEjL0LVR52qR82ZTslo6W7OWslIISFWo4kfno6gnAibVslxS0yoBYBWHGoeu98b/C9CQ++KofUVWwBd/0R97Mp1FpJbOYX+s+wUE1iM1BEcNLF5CQDgbys+FdxGSPUj2KJsb3UeGX4J/FbGVpWuWPyP1I8tbURd0FycIk1Q/5xX60hdmnQKUJ0d+g76HMqnOZiz+d7aH0y3saR76HKGpEfcHe3zfzOaa1beWEvuRijtTXLW+Qta6qqOlNa5qYlxfrLy0EHPIJ+sqBWARA00D19r4tnRSR8UdMfuy7NX64Zu88VeSPAlFhKGgyEunBhKOlJ+N+mvgnp0rOdGF4EbEDiI1BCrAWgpnI9zzqGchOIe6bbqnsnP1wO/JMOzEEJMxHlawja0Q1jgFANL6Iww+lzmxlWH2L0FsoEkyvA6hrTFCOhyX1Vg3OlN7pLkErszOH6of+XZHxe00M9XUmMaFWtqMHzhh0KpUY0cb2Zn20BECSuuGv50ls8j5Eo7F2aAYgIFYfVcHLzAnBFKRDr6AoRdJ+XlougGOekIAZz11XKrdQJquXRL5otqnkMa9jtMg2aTjs3ky66hlHSYDhHT8Nkdm3zLM/AnsdWTkFdp2K01mPLcIcBhwNH8smwtAylpr5w85k9tLYk8FXO9XtRNS4YJpXACBi8J5M2+noiJ9emfj1Vml7Y894kpsyEqGnWdQWCTySNZ/jToWktZbaGpEs5WDz2H4v6Tmo2i4FhaPPmOl3xRWuDtzqhP6lvdmUUImNaUn13oG5h1mDW85m1F9mimNDDyJnvtgq0DFBZj7e8y/k1h95PD36P6vY5TMGenK81N1X5L6sQlrxtIrjfxbXnWufLV7ZuQwZ36OJNqseXO0oJUlLxRQvr4Mh2RV4FdZd5qALw/eLhUIeC5n+NgV53PLHuOavkAcdZr12mvAWSDEFHnTh2qHOSuTLUBxquNRH1/u9CTyn1lkZlzSkdRl8ugRjQLWtHMFgMQO0APfQLxDVr6ziTR+AZVrFdU6+f3N/RmN3Vr7NM9VZS+Vhf8Rdl/AW6qk8vI26P3efK8ec+jrJUqpVRysHfiKPdV6uGF9OtEbe6Fm8OasTJib3xlbBD4IiwuORuKdT3xLsmO5kNafsUM0tAPxoxDCIARWP5zN8C6FhOqKrmx9h1klo4x+64SyFXHvyRn0nhT29jjb2PIU4pGdpgZI+TlI9kIIweKGazopWQnf8lz2yF4a2IhEJyzumHfJsPfqsvC9AOx8O2+vzpbjTm70xZ8/WnUXhR3aNB5vDhdQQmHvorQidQl2sbuu7zor3yFIPnCe+GvZ40QKXd07RHGHLBtnJ/5VXPkZpPxM2MoJAdwz4ZopbaykUsht6XR7DBzmbBZpivTUvO0tLVnlbB8zHHs+F0ZmFnuNmMx0X/2nkNJTpM3JCNAU7X+Cdt9Po7Lx/b3WklTD6ipuq6Icq9BvTx0oD94+5P+i/m80f6ko8mMsMF+nmlJqEQN1fddb+Q4AgqUse9WeOpg+GA6KfcMiY+lZMUmHXxeGX8fhnxP/Sq5yLam6iBArlGPOspyUnSLDamOHWU57hQutF/ea/O70MebzGMicl1pW1wK1E5U5pTztfZx23kETMnc6DcoHB9tfD5ctJnXzpRktYgBAafi+oO8qnitXt1nrV+vjmFvd6gbov7KEkOqh71v5I+lTIdN7DwA8nwoGMBLiU7xRrVREaDv1LSfyx6qcRCnXzGCRXD4Zk+ooav0g2fFC6WPJ5yI5zAWoZQ0mA0h0ibuvp/EjOo3maj4otnwVxCvNSGgSAKEJb/TpgO/jhr9Xu/g8CDxObDdkrI6wN/KUK5azqwVrTfYV7y79GT94i8hv1q+dWEu42su5uithr4LcPTbDatPmtylFbaIrS4/8E49jxmeTZDZymAshs/a3AnA0cAv+RAeeo4E3aGgHxMSoFEfcM7my93E1l8LZIi8QAETOzYkjANyJDQo+WxAHOJE4oIGi83yMYNal9Y7KhGmyPPAH6dWUtTkrQ7zzbEv+RsO7hN4naGCTGGuFmMqV4qgnvqVc+fu4ijPBubI0ZiphaPZIaZ5qOcxMRV2YOz0ZKH1s+FwAmfN3mPNRy9K8znrS+Gk0fhoQkRyEECWcDfYqcHZZFipAjILYwTkIIUnbHCvfBcCWalU03ht+0ir0Dflv0LkJ5i8VMYsUhu+fGcPbG33ewsuclKR9nqIQ4lvE+RZRSkEFpAaoECcWJ2zlIDb55OR0FXqmNeSaFmx721gPG1IaYFvUk5DSx4DPYyQz6zhXiDm1zM6rSrQQR7UsixAUR94QR94Sg1tprAOUB0DcMyzVFwcqLnPHXgbA0Zji1fdEn3cktge9V/CWyjFyePy0tE7J7EEjNLcAUFbGG3lKlpHYE85lNNZGo4dpchCg4JzEVkrsFcTZCKuf2muktaqjxGZYbdr8NnCYFZyXX9V0kicbpSeaz4WSuZhqWWFvG8kDqRE6+Lw4+KIY2JLmsBQ0ephv+32gq9LVck5p8kWRK5FetYjDzsQWULEkfP9w6ZcVeQ35mS+BBT4ZGe6PBYcSkWAyFk7Fo6KQEgSeiiLhOIvFylmsFpvD4S6xe3xOj99TVm13efJqA6WUQKzpvba35nY66kQQQghNOuObpJIRtMQ2fECMd7KLtZYQ9zTinsG5Z5KSE4lvkbQ6DVYbd1Bp29v5KmrpVYXk5KX0hPL5mJDZ2MCW01t9SiO7haN30YRqKo8ENDnQvf9ZOu0Em71Jmu6Ovw4qAvCFHxkpvYHCoq5Dp3odEAJR4Ie72kZ62kZ6jwR6OkKDPfGwxjBJbdicbm95jb+6qbS2yV/TXNE4y+Z067yEhBBv+HFHfKsn9nLEc0H2fbWnDoKmsmKUoq9zt5jSKAWgfJAGdyC4Q7S4bPN/rXj1NVhNWN3OpsxvfUVdmDs9CSk9cXwePzKPxcY2412TslNtKx4Tux8Uuu7VZ3V/yOuou15asSv2RvqAE4YdyV0Jx1J1LhNaOndMRaG/fX/Pwe0DR/YNHT0o8NqMMYdUPDrc1TrclXP7S6obK5vm1M5aUjNrsc2RnUicMzh9gX8A8IQfj3guyDbeKsjuTPegkDDRNOJqti/4LfHMAZvDDFab7qBSKFupvL7tfRxTeoL4PA5kZpyas7HzYHIuyeKyNH7C0nCVOPyGOPQqDW6lsTYqJgEQq4e4pnP+FZbay4h7FpWz05nIDad1JLZL+ayrpWVnAIRUonPv5qO73u45tCMVj2plHDsopYHejkBvx6FNLxGOq2ya07hwVdPCk10lZWlyOeMbbcmDAJyxNy3ikDDa2Z42QwCIIu0aEENR4zfYWne5dcZNsLiliYas1neq1YratO1NJeQHNMeNTWpKTwSfx5nMY1XLuva2/JxYufLTLRVrMqfpdSSJjZENAGBBVBrvtfEdWpLyJuXaCUp7Dm1v3bKua98WPplgZBtPUFHsb9/b37536zP/qJw2b/ryNc2LT3aHnx+9LLij/w37LgdAKUSLD0AoSnuHBMMRI1zJUtuMr3P+E3J1yV/3fFht3EE1mqJve6dfFZntfdxRetz5XCwyF+Ywj1Ut63OdczISJSkcH5CJi2Fl6DvyXMxzxmhUSXYpGQsf3PDC4U3/jYz041iDUtrftqe/bc+Wp+++9kOHMdqV7oq8EvZ9GAAhNOVYcDQ6P9S3Q6ccYnFaKtZY66/gSk+CkWnNTFS52WY7qLQVtYE7LS1n8lN6fPk8mcmch1pmkJbSRA/inTTRSRO9NDmAVJCKCcLZiKOa886zlJ8GW/noykSjeYhd/jNROnybLdUaKLtOKhYZ7tu7/snWLS8LqSRMw2p3VNa3lNU2lVTW+itr3SVlLm+py1titTssVhtntVGBF3ieTyXjkWAsNBINBUJDvYGBnkB/12BnWzTECKTNnhYExYEjuYg9EaJe+3D21BHfSCBQWAAicn4sesATa+OH3hADW8VYB+VDoAKxeomjjvPM4PwrLKUrKMnNoDLjMKsTi6So86C05Opkp/SE+c8YZzIrJU2TWamWjZgM8KHkOx8RY0eV6dJcnM1a/2H7jBtT9pm2ZGZGh2CpkrbWnthpSR31Bf4WLvmIYKkAEBnp3/PKI61bXhFFQatkSRVcdfOsxjlL62ctqpk2p7SmgZDCZ7NHRgb6Og51HdzZeWBH98FdyUQMwLJ5Q6W+5OGjPkHMtNvnSUnNCCJGQ20veVvOy6W4WmwNLWi4CgBYi+9ldKVB0KsQVrMUtXlKQ8e6Li6lxxXjyOcsE3RU3ziQWXmsLkRbSxuTmRACW4l9yV3JndeJkUPQABVTqaP3CYOvhWZfWj7K55RjnvSj5o68AICIMV/wnn7353e+9ODBDS+IgoHr6fL5Zy47dfrik1oWrXJ6fPrC5uEprZxeWjl98UkARIE/un97x46Xmqv+hxC6bP7Q5l2ZaRV2m3IpoD3P3xZzbl5+4SdKqhpl7+zogBPC2B3WFIe1WK1lfmuY09CyvVU0JuNJ6dxnZVzJPV7rGWgTtThkNqFsi62WFYliLHXoVr7rQbWYFJyjbEZTuY1vp8TRNe2/0tEmdR0XWVNHAPDUfft/FkVDEZ1y7E73vJPOmrvqrGkLVhDOol9pcdD3EN392XTz7n125UDPAIDq8vgnLpV9xR77b9OB9hLCcQtWnzRrtkiDm8VoK02NgIqEWGH1EHsl56ghznrO1UhczcTVwnnnSr9r6pdbkcJ8+3VkRg+l3xH1N4Wak6SKLFqXZJ8y9gVNmSJiXPSzjttsKKNFZjN2tXkbuxC1rDi1uO1zfmipODN16FYx2qb+gWmIieGuXsu0SlvUe1GazOmirKkjaTIDsJJoQ1n3gVAJs4SaaXOWnXXZ/NXn2JxupsB4YSTTc24l0U9dd3Jr8PRt6x7v3bdOIRWK2CwWcd6Mzmn2d3j5tDRKeaQCNBWQGjKWkoWu5XfD4pHqNBiEsouiqBm2twlJot01bUpLazV5nLR08flsJgY2sWTWs7ELYbIEloo11srThb7nU533CyMbwUI0NNDjXSw23yDN64y8JpWZ3hiWhp3SmLFk9coLr2qefwKOCSI7s4ek888zVl8/Y8nJI32dws4VFi7TcxZPWCgVT1txwOuJmynSWnWWc8Ev0x3O6nkOyJPV5jxqPSfZXIRMaofnTekJjo2Nq/+MopBZemySzOY+B2Ml8+gpsVRfYKm+AKkBYfhtMbxXjB0FHwSxEFsZ551rKV3O+0+Q/pbwYE9q3z2lNbmi6qtlQ0RmLD35tA9+pqZFNjlpohFryx7S1AjpvgeNN5RWN6DyNDr0Ujq9rcu9ZF6b3W64QAEIsdpnftnW/FlpGsyxWudUX0DHSQZD5RpQWtLsolG66Cgyn83EwCSJUJNZel1xqQAym3SYC2Wy9IcA9iprzcWouVi3WLRvW7/h0ds/ebGsV7ncn+QIFSmpnT7vrKu+3DBnCY45+GHZaecdaLwBAKovRZrPFh9ni9uJMZkt/uXOeT/gvJnPk/x1NmZ1AYpaTmnIaczmqiGl1eExSf1aUTCGhKTM4pO7mHxWvb5MhcwgvIrYitMikFnn+6JPZlNMVgUImEymorDlmX/uW/8UAL9P1rfMcbS8yrvy/V9ZdNpa5bfwGIGKMqLSWDsJvAX/alR/hBz+CU32DwQEgY/pFxKOV5Yt+aar+RL94HZhrNZR1Hm60wVSWmq6yzUzg66SY9nnoLiULhqf842BpRMUwhNA5jwVryGZMyl89yPC0HoQAmIBsRJigcVNLB5iL+cc1ZxnRopUv3bfb/tadwGwWkRO1VV81c2/clQsliVFdsFaAkeTUnRCQDgbVUyPGnoB/tXgHJjxPdL+S0fd50o8b0R73+LjMltDELhAyDUw7OvuKw1HHa6dT635xOKy+hYYdVllWa0Q0zan9YxzE+70OFHaDF3Hy5Eej3gYpGTWd5tVWjqXl2mBF5HMednYhmrZUr46efh3YqIPGhBEa5PHQ8sr+od8vMAJIrFwskfo8JYp8xy4GZ75mH2rMn1iYK9BXD5mJrQ1c8CHUXtVybQvlsz9IgA+2s1Hu4NDXesfuefoofZ4wibNFAsNv3jHD0796I31c09QU5jJakNFre9gawmPkdKsChWUZtJeQvTxd6SLsz9GwW5zOoGVMSfD/iCMJ5kJIZqVyXeuzApwznrXstuJVTbAUwoLx9dWBVYtPXzSskMuR7J/yKmUsFXJTgPr6cjr6P0XxHGcTZWDap0GuGcpU5L9ABDaiu6/o/lr2WSru85ZeUL1nIsvu+n+FRd+nqhsDz4Zf/Uftx7evA5A9u4qHo38iZD0Xdd5fIV5TKr3ysAwlB7rum+y7BqNYqRmz9jS+aMI+jl/t1nvTrFktApjZC+AzHmqZU1hzjvPfcI90a2foUl5JEmOyrLwqSce6Bksra3MOZ/E2ZjdsiODtl8BoHyIDDyN6st1CiwCwtvQ/lssvFuW6FuBoZdlKZwdYgJ7PoeZPwGxA0gM7Yj2vZkMHkyG28VkQExFajnh4rXRwECvwIuiSHiBEwTuSFfFwLDv7Yf/JKTis1evBQAN0xoyXa2U0dW9BrZ3UbS0jnXNNMizxxPmSBc3HgYoLeR0uhktDR0yaxRWZDLrXlK3hMF2S8kCz4n3Rbd8Rox3QRsOO2+zx2BxQRiltG+FTCK0hQ6/nDnuf2zc+Tz8Mu1/jPT8E7UfyyWWn432X8vE3LPQ+lO4ptOyM4d3/+/QntuToVZmeT7JyJeRoHs4mFnSaNMTfxMFft5pl0jfbaj8akPz22SQrIiUTucz4zBrEdOMIz12jNXeZipeeTrD2tEirZY7zSxMLj/eZFYa2FpGOOee4V39sK3qDOgilYwMBSU1Vq6VXT7y+9zx8KugxtMzxoTABgA4+C0kJA6zfzVxNsjEnI3oujNR+enDj57Us+FbWmSWIhh2bdg2XRByr9mWp/9xcMMLxGiDdab5LRWQ1lLAI87X8M7nLZVWxW624tcV0eoeE5+1qjetkNkaGBq3bGLIrOaqjlomcnc6fUps5ULjD3cemquIDCnQ1x9MUQ8AYitDlWQT4/gRDDyRPaN8ENG9OuUUAZHdACgfwj7pioUE9dfkTixu9D8acZ/d+t9PJYIHzZTqrl4ddF2X4pU24MbH7mzb+rqcxmxWy/Mpn6zOE9TKVgxKM2Syx+wXn8WSvLhjHsWKh0HNVSi1t1JY0XJWOjFx44pMZml71EaHjt7OniYiwXV3/7z9iPPlt+btPlAfjeWmPUtBgfbOICw+NH9Fuq8iuv5GqXwaU3gnxhFidiOQWzcAACAASURBVHtNOrQOvffnrjR8ljhqM8feBfFgV8ee58WU3ryRLEpnXTXt/CfP+8yPVpz3YcUlSulb//lj7+FdKsXL0MNqVWbmEReX0tljpgzrNVamG2ngsSvmDArnM5Or8nTl9xVQMkQ/3eiLCO0nVQQyS7mqvqp4tNlTgU++cs8t4aFeAILItR6tevmteW9umdUXWuCqWsXZ5CscWMtHYh7UfFSSJMgYlUZCb671WMEHqdSeP/hdZJdVsfgw+1cACGcTA9s6+qhoNIAEgMXma3jf7fWn/YVYHADO+thXVq69UiEjCvxr//xlsD+9lK+CpfqKmsF5w2NdMTApLamOrY1YZZtK1yJIUazuAuNhTK5qNcXQYjG0rlkmkJaM7oX8yKxVguKqrGEbHv7zQMcBvy9aVxWIxu3RmD0Sc9jLlp38mT843F4AQqyPTwxyVpfFXsbZ/QhuwKHvYP6dmeIC6xn74CXHc8khUbYsGU0NkbZfYNbPM+eVF5HmG9H3UMeRrlTCgMyEEP/MK6tX/MjqqpWmn/HRG/hU4p0XH5YmJmORV+65Ze0Xf2F1uEdfA2m/LnQi2wAxM+uYjCE8Rhhb5OjIgEhiacx0oyAZKUqse6zxbXOWNtNu0UlnliStUZn3mJBZ/ZXZ98YzrVtfAxCJOhpqh52OzPgqztLW+eI+Z9lCR9lCV+VyV+VKYh0NAZesQvc/Mfg0Ki4EgMHnoYY4nisBcqqe8K670Hwj7KN7g/hXDe78TSSqXMlAVobN45/+4YpFX7GXqHqtAQDnXP3VRDSy+43npImhwZ71//79GZ/4Js3cQyIPZSvfavn5eFE6naCgJUsmmwg5G6V5ZenM7itZYWOOdRfCZ0NX3ryW1khnlmRGk+dNZhWToUVmlo0gI/ZAx4EtT/89ncILlh37GlcuyUSARSEWH9oRH8qslUc4q7Nima9pbUnLB+wlszHzh9j6fvhPhdWP0BaoQVRxtUQX7DUgxVjYwFqiGNpJxQTpugstNwMATeLgd1Lw2Ty+VERm9hPC2UtmuapXeevP9jWtJVbdfTYIWXvtt8JDfUf2ytbP6Ny7eefLjyw684PITXiCgnQAu7NKcVWqw8dCaS2tq5KRJqrrMauZtUhcGLkLWZ+EqXs12AK1QlYdm7GizRB+vMmsqZYBpBKxp39/U9ptzmLp/M7G2gHowttwTtXSb7jEgwi+gzm/wRtzaVI5aJS03ISWb8uStpyLxutQ/UH9wpXo/TdcM1CyUpm+YSWNykLWxDMHK98GgI7b6KEfkvl/Qc1HxORIKnJUTIVBOIuj3OZpJBaVbtdFIhq698efH+qWrXtAOO78L/y0omk2ZB3Rin5p2bstf9GVPdjZq1Qrv/YlSqUFUkmiVrpWOykro6w2jTawBUwi73iYVhhMLaC+AhZt5KUxrWiilGWlTyCZSfa3ZDNuevyvCjIDqD3pV84Kg5mP4c4XW58+r/vwWzS8A8GN7NGdzhbZaf9jNLgJ3ffol8xA4E1svzw3DDsL3zJFAo3sBx9Aqh/tvyaeOai5HABnL3WULXJVr3ZVrbKXzMqXzAAcbt9lX/65Xb7QChXF9f+6jU8kIL+lOo9UFSED82oBnpe8QDPpDJNTlW5gz6rSDQR0MMb+KvMGtlkLXMtm11DIUKeOkcyEEOk3i0VmWdUA6dq76fCWVxS/bsmaS5ac+aHmsx+wuWthhOH997R3hsW9N8LqZ1z2LMgdUwGtPwGAkVeR0BuFxkCyj/JBbP8Qovtk6WVrWMLdaLuF8iG03Fysfk0AFfUta6/9tiIxNNS79bl7mfdWcSx94pJrRaO06u1i0DWv91a3RczG5M1hKfLzn7WjXKYENIxnRm5poiKjSphdhPpUm8w6apndAKmUkIxvePQORTMq6qedffWNAKzuhuZzH21/7mI+bmB4Rwd3HhUamxuUqw4RqxdeyTzKnntp9BAASikZeBINn9MvVgY+iHQEe9sHccKzuZmYFWsZsyMTPei+h3jmoeqydIKYCsYGNieGdibD7Xy0S0gM8fFBMRUW+Qjlo6KQaD73YW/DuYatmLPyjKVnXrpt3WPSxP1vPdey7H2VzXPlTikAqZNMVP6tND4Mw1lNOr60JFEnNsZMlyZmS2C0Vl2tYWAsXy+6mPMx8gqDpS9CRRVJLkZGfbe5UM3MlGe3UCqSPt363H2RwKC0HIvVevEXfmi1Z+ZXOMoWTjv/ifYXLuOjqo4oOcIjR8Muj0c+LwNlZ+XiXjSJ9l/lLg0+kx+fR+PkNNFFtl+O5c9nzAFbBSovQV+uP4kQDl13U5En0/4fqDBy6F+Bg/dGe99UDnSRoGLBDWbInMaZV32pY+87UkeaUvrWf/508Y2/Hv2xOptLae7GDNmHID9K5xUbU7FUi/OyjIUFxvJCHnaUoXKWSMIEhzW1t6HFwkzVktaSUZvZzEujTVWSOW37jfQc2ffWs4qST7nsmupps6UpjrJFMy5+xVm+GEboHogr71rNh3LHXX+n0jnJgQ2MeY464HIj1WhkP3Z9Ipd92ldlkq6ZtP8x4p4Z55oPPXpS1+vXRXrW65DZ13xhzcqfa11Vw2Z3XvS57ylmVgb6ju5741mWj5M+1QqOKo1VQ8PNzDsjLy1vRcV8VyXChq5xTiAvL7qI8zG0atVUwmD8PDOWNpg/NS9iG5FZSmCGjZ093vzk3VSUveVVTTNXXfgxqGB1N0y/aF3FguvUl6RIpYRoPPdQiLMRFRdlTmgKHbdJhakQRVhvvyglLPLRacOv4tB3MyeeRaTu45JrKQAh51ltz6xNBPbrl+qpO6Nxzd+R5+4ctTPmrzhXOW9s+4sPJCJBGN95onjgWpQe8xuSuwLVayNPz9sIZVWaB3WZMPsMClXO+X7Y8rO01c1TtVbnceqQmXmsFO/cu6X74HZFvedf803Owu4WJhZHzapbp1/4vL6i7upP5O7bjB/ljO2e+2i8Uymd11QNR70igR79C/ofyZzM+hlxZ8wKGmuL0eqj2/4qCgZDWUqaL24+56ECYt0ATvvQZ0sqaqQpyXhkx0sPpY8N778+pfUz6LhmkkTovIeKdLWAoZk5Hiq6OPOr9OszugWGxRhY2uaeDZu0rHYqZbRepm0v/EtRwsJTL6ibsQC6cFWfPOP965vO/Ier6kSmQIpHKG4HQMrWyHqYj/6ZIR01NdUpA/dsRuL+ryPd423xYfF9xF5JrCWCQI92h6igtyEeIVzVspsbz7ovPU67ANgcrjUfURosBzY8Hx0ZHK0CRk+BTSptqmsmar+F5pWTSqcbkd9E7fnBFJ+1jRC1JPR/f1oK8p9qXsDwi1VwQFt169XpMmOvY+fbQ52HpVXbHa7TP/x5ZquooBj5THzTLpt+0bqZl75ZufhGZ5nyE9DVF6HEjvl/yiWNvEIjLFWc19Bu31J1Gk0NZzrAALhmYfatlA/2jNj4ZEinJEfp/JYLn69a9h19Y80Q81af0zBbZq0IPL/jvw9B6fIoKMH2peVvhXHQ1IQOVV4BCnx12cWbIpQ5UQAFxbeVbRmbclbbJ5ofOTOWtn76GMisfEg71j2kKHzF+R/xlFYyG9P5yjWRntec5Yud5UudFUtdlSvs/jkAHGWLqlcsql7xEzEZiA/vSIU7hMQQCGdxlImRZ7n+J9EwugB9973MksEz9nnVhO9EYnGpPi5Az/2YdhOczenjcFQMhjT3u7D7plUs/lrZ7E8WZ7QpsOaK6+/7qUxLH9q8bsk5H7EJh/mRTc7pnyfp+LCYTHTcyw+96V7yv+AcQC4wLA04E9WAUNNLhbDTCSvWnb0o7bJiCYAY9F0xaieyTrj8It7GfDZvABSgnLXKNsnhvNxmLTKrGmZM5t7DOxTK2eH2qmcFZlG1/Duhx0+N9Lwe6Xk9nWKxl7iqVrprTnHXnOqqWsnZ/e6a0yD1JROn4Z2LUHc1OBfEBAaVUfQM8lq6hHOg7AwMPKMsgwqk70E0fx3hbeLA872s5c+szgpP/Vn+6R/2Np6fb+hLHw2zF09ffFLn3vXJVOZtpGKq/80bfNjoXvDjzDvND4U2fkII7XMvupVYHJSCxrsTR+4WQrudc7/HeWZrT04izL5crV4i/d4jfeqyBLQIWUgvlRnRPPSz/F03RXLT/oOmclYJ5KuQzZjljBayjnM83/3q44oCTzz/I+npkEw4yhaVzfn00L6/ZlOEZDDc+VK48yUAnNXtqT/D13iBr/kii3N0VpOjEZUXovNONH0JgfWUD7OLzpdaNVeo+QwAw6+i+es48jtCSOOiK+Lu04TkMBXixOK0eRqcZYvs/jljNK21ICYDy+YdEIdG2jsz1s38mV0+DBBriaM+PZSFRHd+RwjtczR/3F5/GQAxsi+88WOggnvhLRbvbDUx8tTABsKENWgkK6U1qkRSjlkVzWpSHoRHMeZLKrWfPm8lAuaVcx4EljeJQVqddFULGW0gBOGhvq59skksNrtj+Tkfgi6qV/wgeOQJPsZYoFvko6EjT4eOPE3evNHbcG75gus99WcBQPON2HIO6q9BgL3THQD2+FAdVF5InA2sOPkBxFrR/zjhrM5533c6GliZiwAh1kcsDs6eaTblI+3PXZwc3OoovxCdnQB8ntj0pgEAIftFZVZ3+lUudcfsc9ZwvtII3y1Y6zzJDb7mBXzFFXHXCZGNV4mxDmvFaY7ZNxFbGXPomInVsHPQJpCxdY08VHSO5wWPBlPD4OtuvptKkQ8SWgIGJDftY+fHYXl2g3TW94hBZoAc3Pii4qYvPO1Cl9eAV5y9rO7k3+rLUCqGjj7X/vylrU+dGevfCHsNKi9B152IavcAZ2cpmwSxoekrjHQhjI4/UCqi6oOQk5mKSSHez8d6hMTgGFcm5GO9rc+cmwrnhoX1bvpubHArZ/MuOuv6dEp9dSASc/T0V4W62yypo+lHYK8+05dc7xn8U1Xb++2xzbxvjV98p6LvJm/sJcfML3POulTPE5ENl9N4dz7Wm3EMSD8SrBV2MSGpJ6zdCmO7eEzzn/NkuynlrF0J+7KWhNaTYKbrklkmQ0Xx0KZ1irpWnGdqPV1f8/tLZ189ckAjsiVBrH9T29NnVy75RtXCr+Cd8+GcpinqYq8foIf6T5OuO2lE/o0g9sw6R003AKBiMtj2cLjjmWjfBj7aKXU7OXupzdNgddfZvS32khn2kln2kll233Tj8JiY6njxQ8ng4exAcT7aPbz/bgAl0y6tX366v6ou0N+dTHpOnD8IDAMbceicuP+SUM33I2WfsqSOuofvJWKkvOuLA80PhMu/4B38v5KBX8ZaXrKuehCglI+CsyKn99S+MTs9+9O0xoRKshtb1ypJ6KhodeWFONYS6PG5gK4wFTGMSW5ajef1NVUI6KWzPkayz4VUpufQjmhwSCraOGdJeZ023+SoW/3b+OC27MIGOqCU9m/7RTJ0uKH2bATe0JTzGo8hVYJYMec2svUi2fhNYqFCnJStgXfJyMF7+7b8kDnanFIqJIaFxDCGZEsUEot92rmPumvfJxMWEtKu6YGdv40NbgMALsP8cOeLVOTtJTOql34NiSNL11z06kN3tnb61m2oPXNlT/qZOANP2OJ7hpvuCFZ/N+Va4R34nSXZXtZ940DTv0E47+CfPIF/hspvAAgZNc41YmOEmW7Cedbjlco3NqaulOcFcFY/j8n+Z2hTIo/sBZDcsDYTvWV6ljYz7qVFZgDt29crilpyxvsNmiit1+JsPvsBm7vOpHzg8IM9AxGt9QCJ1S+bSinFvi/qDR3zr84sP5IFPwJArP3k0XVXdb1+neHUEVkzOFv9Kf+rIHMysK/9+Uuyp5SPDO76Q/qYs7gyqUKwquV9Mxpsls0n0beWrSr97vmndvs8qc27Kh58ftpQIDPa3JI4WN72UVuqNeZb2z/9ucGWh6KlV1n5o6Hy6/tbngSXC0Oa/uBr/BBjoxFmrOusuIkmmWyP2ezFWt/T/I/MZpGVATm1dKsrxIVWNVh2RaN2VToVjux8WyphtTvmrDhdr90qWD2Nzec+YnGUm5Qf2v/PuKjaqi6NsjVsK7f1p7T7nwjprjwz7SZSe0X2jIpJ0d7UtuFXwfYndDKpYXPXtlzwlH+mrK+Ojxxtf+7iZDDXpRfqeEZIjAAghFg9mWGnpbOurvLFSOxQRkiILJ4zdM0HDp64cPBIt+dvj8x66PlpQ7ZLkp5TRVutd+APHOEBpByLov7Left0ALytOVz2SaaeGGPMxYyAvCIZBUyzl1FJIdQfhSaf9SMB+ij6LyxMVNesMLS0iVq4r21vIiobNTVjyWqbfLUNM3CULWy54Gmry2woq7dPY+509WWMxL4HaXqfmojBPArM+yOpuzp9KFLa1hWND27Xz6FAybRLZlz6pqv6ZGkiFeJHXrw8Fe2RTqiO9W9IH7iqVnLZXfusfix/mjR9iUgmftls4hmreq68sM3vTbV1ejccWDbSfNfgtAdG6n9Lc+5hXo/PWNGZf+cmRnvplqPXSJP6WdWiwj8hhZSRz+02+AyZtrQZwp37lIv1zV15plHb2XCULWxZ+5zDP8eMcCQcEqhSDxNbKSrWKkWDm7D3i5njeJtRwRzm/oE0fQGgHb00Ec7DxraXzGg66/7GM++zOJRD4ga23xof3gX53UxFewAQzlK9/LsY/i+6/oa+hxFvB+fCzB/j5D1kzq9J9WXUs3hwxHGk29M/7CgrSQLo3LsFph+QJJEhrBLI63Uyr46kTSqQJqx6TRVVtPV683eSc2WA8QyMs5u416YEdBSyohnpdysnxHEti08ybKcW7CWzpl/8ctfrnzdj4g4GhOpSeVL9p5VL7Sa6sOtqKo5Ookia42fsyNE+MRo3G5ZxlM6tWHBD6ayrwdkAxPredFWtypr9Qrx/cNf/po+lwTDO6uIszvq557sPfYrywWw68S5G3dWovRL116D+Gg547tkvdB3MBduGu9tiwWFXSdbjyAWqTCwhkoNWYEwtYC5IRVh90eySdbPnX7Mu2Pp5LBa8vBxo0NVkXlmePJWzngXOFNAyh9LHiWh4uLtdKl8/c4HT4zP4GbrgbL7GM+9reN/tFrtB9/VIkJc+aWItQeMNMgmawq5PyNbiTxqscAQA8SMYfNbnIe7Kpfq31+5tLp93bcvaZ2Zetql0zqfTZE4G9h158fJk8ECunQfvze6hYXFUZNNL6k+Z3uTzRZ+SkhkADe+gB76JNxfi0PeR7AEwY8lqRdU9h3dCQwMr0nPXDV6ZPJxVjd5ZUxjL+2+yVQoY6GemC1qMRjF9iTyKLZYFru+ASwX625Xh4paFq0y2VgEhMRBqf9JTf4bN2wLAP/NKb8PZ/e/8fPjA3VRkD9gQRAyFuIqS0R6m6d+BrUImcfDbNLhZlmJmFf6uuygVS+tXly5/TkgMxfo3Jkb28LFekY+AUovdb3FW2ktmOcuX2LzNyrxi6ugrnxKSwcTIPrt/XjotdOSp7HWHf2722Dvjk/CV4vAPaKxdWQ5A+RDpfxTuGaj7VMuila8/fKf0an/b3unLTjda0Eeq8aC6mj4wUH+FKkqliiamOq6MCmVNzzBs15js7WIY2+oCkdfnU5LXQDlnG6YbotPU3v1tSj43zDFYi1cLnNXXu/l7whsjzrIFvuaLfdPe7yxfWnvy78oXfWlo1/9JVZwUAyPJ8hIbASXlZ+TmXWUa9yjtvFOZgaaUKQqICXT/AwDqPw3A4ij3Np7vbTzf5K/o3/7L+NBOAIngwYyVQsX4YG4xYG/jebIMVZei8iIy/F8MvYzILqQGAcBeC+9iVJwL/8npe17TMtdqd/DJ3MeoT3XnNazu9AWlEWs0IyIP9ko4ZjDq00xh42FyF3M/dwW0jY1C2C7rFC42ybUaJm35wFHZygEcZ6mfabB0gWarLI7SWR8f3PWH+PDu+PDu/m232n0tJS2XlbR8qHb1b6pX/DDY9liw7T/R3jekxBZFDIetFZXVmP9XWVMTXdj/VUY12W5eLfQ/SlNDxFaaXcHTPPhY7+DO36WPU6FMvxQf78+uZ+Lwzy6pWYSO2xA/CmKFswGehSg5EeXnofw8dqEAAM5irZsxv2Nv7rsw0tMuCinOYjMzaZFV5Jiom1cunYapqDsuYPCZyYGiGf65kjF216IA30ZXOesJDHe1SU8r6qcV0FOVRfmC64b2/ImKmeX4kqG2gR2/G9jxO0fpXP+Mj5bOurJ09sepmIwPvpMY2ZsKHxHig5QKojgEnwU2ed/13htoijUL2qJc+leJrrsAoOZKxhZWRhjee0f2W5OKKGd3WO0lTQ0V2HS64r0lxIKSE1B+DirW6oxsq5uxQMpnURQDvR1l9TNGCzEghnnmqE3xAtjGjIqNQW8zq2CY3Mym5q2fdYaRFC2Iln8kTFGCKruZ6vSCK7HQSDwiC+RUNec/cFoCm6fJP+PDIweVW8MmRvb1bflR/9af+hrXls37rKf+LFeVJIROeby9HHwgN62q/1E6/DK7DtVqYTJEdtHABgCo/6SJ9tLeDd+qWXVL9jxwOLfWEh/PrJFidVYSzuZw+ZoqEtboJkYpVEBgIwIb0fo/pOlLmPljZmVVTTMVKcPdbeUNM0ysdK3ptbK86DxcXDXhi+IkS3+C+pNSwMelmBPTsy2EnrE95tLHQHJznx5GswN9yhGXVY3Kdy5fVC39FuHY31MqCsEjT7Y/f+nhx04Ktkm2WSVWVJyXW8GPJnHoe5oVuFr0qu/6GwBScgLcc/XEAAD97/xscPf/CaOTPZOB/clQLqwlWWaM1jUvaKkMWDm9UBzxzCOL7tUiM1h8Huk9inzCNGNx8Yoa9802pmiOpz7Gg8/6YEe2x3LrxuAgqBvDzhUeUs5bNj8HQws23/SyOZ/Wl4kP7z768ifbnj47MTzaJVv9YfQ+kDnufUi2HLcCnoWal8QYeh8CgNqrDdsZG9g0sP1WALHBzADS7EEanNUFAPwIDnyj9KS7uTm3EC8jskAsLlJxHln0d6x8A5UXqQWyKK9VxtLDw4x54+lSTT5BZh6mMVgAmB8ak40pLpT6YQKcZ12M3dhWl4h876+6ZvVec/4q412pDFF9wveCbY8Yb4XTt+HwE6fXrPxp+fzr4V+NeCcSHXA0oVO5z44MJez1QwGg/zHKBwjnMN6hkgrdb3w5bfXFh7ano9+pcIdUxF4yG7HDOPIbzPwJrGVomIWGL5BkN8K7kewB5WH1wzUdnvkgdnYtclhsdm9pRXgkt+tI9v7nH1guWuh4/EzuvGrXN8jHun9VsXqq8m9A4Wxnmj36FnhkRLmMpr9K1zs1B85eVrPyfzpf+6yhJBVTPW9/Mxk4ULv6N6i8EL0PofajVL1T5CiIoxZu7cGk6W6qyosMlzcZ3ndXdnZnYnhXpjF8RCrjq5iB1h/DPQd7Po9ED2gSxA5bGRyNcDbDPRPOFrhmmiRzGiWVdVI+R0YGdNxdphddQESKxdjxDEYDkjazq823AePSX6XjMIwf7ZkGRZ42j6YLoAiG2R0u+xiC21L4Z340fPS5QKtytVAmhvbeSThHzZyLcfCbeoscAIyh3VnEWunIGwBQx9jHQwYqDuzMramSCGR2pZQO5HR4a0siTyC232CoBmfDkv+g9H06MlL4yqqkpwnJ/WfGk82VyuTJOHFW/XFhUrfImHj/OQcdXVt0C38M8TlCiJLPTl+eq3bpou7k3zlKzEbLB3f/X2ikH4keBDfoydVor2fW808AxF6J0jX6dYW7XpSa1slgZmKjzZv5lHCctaE8SaP7DMhsK8XiB8yTGYDTK+tsE0UxFY/k4y6NSyxWUoWhoXpscCz5bAbMYSRFfT6mHkYiIpsm6TZaLSwvcHZ/0zkPWhwak5xV6H7r66L/TIS3aQkQz1z4T9W4SDPhtKr3G64QFGx9WHoq8jExOQzAXX0SAMJxjbUuBxdkZ842pvICrHwLZWfoiymgXo8tEWVUNH52H/Nlm8BAUoGQ8flYB8Pyhn6DxxSwlBcmpGQ7vxTL2M4VWDKr6ax/cVZTxfLx/oHhiN5ON43Xa14aeZ3GOwCg2mBBUgCRrpeUVSeGANh8M9z+hqY6v8fOGJeaBfHMIQvvxqL7Ya/REWNCfYf5ZLKA0CajVQwbcBwNwyLCTIPHtF+sfph+ctwZdjvzbZvAy8ZCc1ZbURonhbvmlOZzHsz0/RhhqP0lmhxkXiKuFtRepZmz9wEAxFEPv2wRgmjPa1SQ7YnBx3rSk5ZlSC9R0HFby7KrvXWnMbehI/YKUnsFWfofrHwbVZea+DUMWGzKOywKRsPRpW3QjuAU1p4iQjccO1bfcxzHb4+CHQwrRqB67DDLdlGQbbNsVb1tRYG79vRp5z/R8dJHDXuwRD4W4Ws9VpbYzJ+CaDxWmkT/EwBQ/QHZm02FrvXXVyz+atmca7Jp0tWCsuBsfnTcBmtpZtFfmiLh7Yi1QoiA2GArh3s2XGMdaQPAovpiCrzsEWhHmMyHx4oDnaAXMyQ2ro2ZjP6zvutyTDrDJ+wVcVWdNP3il51l2kNBRjEUYuzkTqou1huqMfgC5QMAUHWJNDnY+p9kqG1ot2z/SiGh1P8Wm886/Ag4B+o+CQCpIcSPwuKFdynKz0bVpai4oChkBkA0FOlEDtKYNO9hHpgA/TxeMOE8F83s5yw2IGeOKnRFcWHzTpt+8St9m38wtOePOnHjcGAAZbLHRxz1mHObljwA9D+KdGS7RDZze2jvHQASI3uiva+7a05LJ0pX/0rDUz4LfBiOemy/HKHN6kkghLPBVgl7NRx18K3AtP+n/0t1wPPKrWo5SxHW0tHu3R3TqOnJg8mon8cBmq6USdpbrLKXSREeKzqIxVGz6paWtc+7KpbpiCVSnCSLG4v+oZx6JUV2U7uKtVIVlwq3R/veSh8P781NouasHkUB5aUudP2d7v0SHXqJOaOLiima6KahbRhZj9KT1QLmIaq+Z9LsBAAAIABJREFUmGoLPAtzT3YyqtOi4z3CZ/NgByQsNtnYpmRCL65bLLiqV0+/5NWG992utWxgKJ4Z10EsTiz6B3wn6BU3/HJmU7tK2VCTUEduRZHgkSfSPVIAbB7Zrjcl/jJ3ciNNdBk2mzhqsewJ7Q4zU0jGo4oUq330xxYjyv1uheQDX+CYqvcEHG7Z8IZYODBRNRP/zCtnfmBT01n3+ZouIJysx3h4JIy0/bz0UZSdZVDSwFMAiMWFsjOlydHu17LHVEgGWv+TPnb452b7z+x2W50/aMYKJaWnYMU6eBkbx+eFWFjZ26yzfed7EuwAuOH6Yfp+qWFn1SQPH5iFYt2/WGjC+JwG8TVf4mu+REyOhLvWxfrejA1uS4WPCInBVCphX3wbSgyXGaUYfAYAytYoVi+ID8s23wm2PVI291oA4Gye2tNCR5+32mzN1SLHGTw/YvGg5Rto+mJRjL5YWGbPE45zuLzHqVNrYtQnO7GATa0mPh5mtrdNP6g4wZ8Hh0emn5PxaCoRszlM9RUXEZy9tKTlAyUtH8glvTEXwXdQcaFBztAWml7uU66cQQXpbo8Aoj2vi6kgZysB4J/1sVjvKy01os2qd7cJ50DdJzDta7AXYc5ZGpERWXTd4fZmw1kTAP2JGToTrZhdVhPT5jSOe//ZRHDbOBhmCK98egCAwIBqrMUxQekpGFaO4mJg8PnMgZzPQmJI8b2nVIz1ZUaGlzgjM+ausmt8tgixkNJTyOxbcMpezL61iGQGEBjolp56S5X3XwMGITHd0RrHtwmZxnHcX1VEGD5vb7lyxGKgv7uyYfoEtU8HpafiwOOyFYiYGHoJAHE2wD1bmpxdwEyKxMgeT8M5CO9AYKP1xKchxkl4J6J7keiCmITFA3sN3LPgXQxuXCwUgU+Fh2VDZdL334Q+fK9jis+m4C1X7jU13HMEOOWYNEYG/6mUimTkNVRerCnDBzJ70ymMbchmPubE4/0Qwmj9CRbcBQCcE67pEKMAh2Qv+ADiHRh5DWIyt71785fgW1GUHwRguPeowmpQ3/8pMDHFZ1MorW5SpPQd0Z4OYQbJbqRGYCsbq5nqmUdspRh+WY/PI69ltnouU06QtDjKCWdTDB0hnB0HvoGWm5HsR9cvMPgs1Zn7AZCyNfDq9ZPni4GOQ4qU0urGIpb/LsYUn03B7S93uL2JaDibMnCUMbzZGJRH999x9M9ZhhBHHSrOR82H4S9M2xOUnIThV/RERl7PHPgZYzwc/jnx0YVH0rDTfjhq0PsgOm+X7fnOrN67CIvuMZx6mRf6OpSfj7K6liKW/y7GcR8PmzAoXqn+o4eleziYQuwwtpxD9/8/qbqjiW7adTd95yJsPBl9DxUSDi09mUYP6u0+N7IeAHE2wtGgvuiqktnJhBAPvxVD6+jRPxuT2TMPSx8xXug7T/Qc3qNoUlmdaredKbAwxWezqGySLSEiCnx36x4tYQYCb2DL2TSkuQgBjeyluz+LzWdBe1UwNtKdz4E32Ff5ACK7AMCv3OctDU/9ObJTb6kVEZ12ZkH8J2H507Ap94sdI6godB/aLU3x1zRZbAw/fwpqTPHZLKpblGvQdu43vfv58Dpsv5y9i4UcNLQVW85G2y2AgW7MwbeMcLacUa1AcFMmtqTBZ1/TBRZ7TsFWVfpoVOm+qkEaPoNlj8Nqdk0V8+jrOKQYTlvTMr/otbxbMcVns6iZPk+R0r6LsQUEA4H12HkVFcwO+aZUpG2/wLYPgDfmPwBwTniXpI1qBoJvZw787DFkxOIqX5DZetZf4nJSgxHaxNlEljyI2b/Ka71O82jfuVGRUjO9wH3C3oOY4rNZOL2lpTWyKGvnge0p1bQBJcI7sOOjiqU/zIAOv4ot5yDebkq6ZCWN7ENqiHEpuBnpCRtuTS1XsfCLVneNxWKpLdN7H4i9isz8EVZtRPk5OmJjROv2txQptTMXjV917zJM8TkPNM6ThY4Enm/TV9GJLuy4IjOrKX/Q6CFsvQgxE4H0kpWARBVLke559izUCUFztpKGeZfW1ZRwhBHhIxYXqbyILLgdJ+9E05fBjaMrm4xFjh6QjScvrWnyqAbnTUELU/1VeaBx/oqdrzwmTdm3cd3sFaezpcU4dn6MJrrZV82BxjvJtvdj+XPM0HQOJSsAIPC2ctnteDtNDQOAT3fCU6LDE34SJ/0bsVbEDiGdxVYKZwu8i+BdormAUbFxYMtriqWdGucXbZjKewFTfM4DtTMX2ZxuqY19aMvrfCpptbE8yf1f1dm/Ig1i9YGm9K1xGu8k2z+I5c/qBZ+c04i9AgGlpYrwaMTOq7v1/IFvoPE6+E9mdlBPJPa9/V9FStOClcekJccppuztPMBZrNMWyaJKyUTs4JbXGKI9/6A9/2KkAwCIo57M/DE5eSdOO4L3dZNVG0jLTcRWqiVPI/ux69O5wZVM+E5AaCuofOGU8Kjt6tMevzXwOKL70aS9xO9EIRYaadsl2yTA5SurnWm8lNoUspjiM4DsUH6qOpAcgVKK6ctOU+Td/soTyuKi+3Dgm8yKCOFI8404aROavpQzod2z0fJtrNpM6j+l2cLhV3D4+3q/wXcCFRM5AqcR3oX0lBKtTWGFCA7cjFm/GKdgdV7Ytf5ZxcJs05eeAnDZMTaSx4N0ovxgCsc/n7NPFKaed05EkdckGuYuV2zFcmT35kC/pI+H8tjzBWbvFHE2YPnTmPED9rQkWznm/JYsvk9LUdOOP2JA9e3IIq2Bg/L4XGQ3ADinKdYwyKH9l/AuHtd4tXlse1n562asMNiRRwX28zX/vT7eMfF8Nnt/pXdXnXis7j1nsc46UbayD6X0nRcl+8K0/5rpNpPSU7DiFeOFRCrWYsU6Ip/VmMO+LyOhseFzOuIV3JxLEWOZ7i6t0qIH0HkHZv7UoEkTgvZdG4e6ZZ1zZbXN1dOUff4TA/33jXUVWl+QCWitFAZ8zrfpZr6Ixzvmrj5PkbLtlSeSsQgARPfjyK/VWUjNh7D0EdgqTFXgbMEJL5Ayxu5tNDWCPZ9nvyX2OmKvkunn6MHMTdfaOPbgzai7WpPtE4sNT9+vSJmjus/HKfKxFsGkjHkW5fisZuwU1KAU/urGulmLpYnJWGTrukcBYP/X1MtWk4bPYP4d+TmoVj8WP0gqzmc0YOQNHP0TO5d3CY215kaVxUZnfTAZO/gcQlvQcnMerRo39HccbNspi4RZ7Y5ZJ571rtEB4wCmy3D8+8/FhoGLlf636IwPKLJtfOZfQvdDVDXokjR+DrN/Vch6qZwDi+4l1ZcxLrX+JMdVKbyLACA7lSI7EEW9ZwVN4dB3MO3r4zEAuwCsf+QuRcqck84dXdDT2EKcQhbvET4bh8TyUgVNC04srZGtcBAPDaX2fkshRuo+jlm/KKzFAECsmH8nqVIuVECFOPZ+ifEqp/kcHvXeo6N8dqomG3beCTGJhs8V3rbiobd9/4HNr0pTCMctPD2PjezMPdn3BPOPYz4zHQSNr3jxsfScD0tP588MOIhsyStScR7m/Has1RALFtxFKs5VJNPAW+i6WynsWQAgN90yfgQAIRwc9TIxfgTtt2L6dyZDHxWAVx9Qug8zl5/uq8h7i1lDmAxuH9eRnsnIZ5NBxQlsCOPBzzjhdKmKXrVYTmbPfCz4a3FW7SA2LLyHqGdHHf4hkvI1Rt2zCWfN8TnRAQCOOuVozfZfwdGImo8UoW1jxqGt69vkE6o4zrLs/I/C6DM9AZg072EemAA+M2LkmCwBcP2oox4I4U64ILPNckNNtKI0N5OBWL1Y9E9YirefA+fE4n8RjyxMTfkgDn5H3iYbXDNprA1CEADSe9M45CufJTrQeQemf2cybIEi8Kl19/1BkThr5ZkllfVMeSn0Y8UTiXx6fMa9bXnwudAuq2OLwhmrU2Y6e8vSU6unzQWwYKZ8ovLsX8NV7KV8raVY8hBxyKxQ2vcwhl+WiaXHgYV3gx/ORNqd8pX0Wn8O7yJUXFDk5hWEtx7/+3CvrDvdaneccMHVGPPbP3nYrkbBnVVmIOOzvkc6CWHChR5zwbq3dfUHPgdgZlMom7JtX9nmbeOj+hxNWPRPopiueOAboJIxkumuqciu3HJiNslkw8hu9P4b0+Va/RhhoLP17afuVSQuOftyt1+5RWZxI9vHr/NspsGT0X+WYvxdl8JsikwTKptnLzv1BK87w6hAyPbyhtrXHvrLcM8RvdwFw7cCc38va0f0ADol+7Cn+RzeiWRfJsUu4XPrz1Gy0njnuvGHKPBP/+UnitHa3vLqxWd8APnQdfzUr77zPGlxLPlcLBvDdF2FmdwGrTrxtNy6Hy+9XZfiuVQi/uSffqSYx1s01HyENH1RltJ2K1L9mWP3LCCtn7N8Hl2vL7SVDjyFaV8fl1blidceur23fb8i8dTLr7eoZp4WEAkrtnvFrMLQ9zw2GBc+63gv4+fGFCMcmtdLkBFwojN93t7lOdyR2Yayp23fqw/+WSvnWDHjB9JwN+VDaP155sQ1AwAi+3KjxLLrb7b9jHgXo/zYD6Js27lh4zPK0Z2zTjyzYd4JMPHIxtCxPJHTMNjBsPGO/ubH52M+AL0oEzN0AxL61TKq41KZyVXr35HtybLxmX/t27gu37aZArFi4d+IXTIavPseRPYAgLWM2EopH8xN20j7z6EtdPBFTPvauLQnHwQHe5/80w8Vt9Htrzjpss+qhU1+l4sVjj0W036KGQyDms/HOiRWyBh0oxKRbxAlLxVN+AEAKeeSkYRyT5Zn7/yfwc7WPNtrDvY6zPujpB1ibna0cxoAxEbnKllLAKDtFuJqQdX7x6UxpsEnE4/9/tuKvdoJIWuuujE9ujN/5WyIonFTZ27SBMBk9O4YzJfUDdOPrcS8v0HsEYK6ksqSiRgDkKz65OlXflWx42gyHn3oNzdFAqxlN8eO8vOk6x/QwRcx8gowyufE6JRsixfhbXTwBTRed4zDn5Q++ecf9bTtUyQvOuMDdbOXQkVRc7Qx/wQZecaiCeUFAiordSLZnsV4PODxdRgK/d6aN8aMmy19IYiYAOdKlpxfP2fp8vOvVEgGB3oe/u03Ugmzi2/nh1k/I9KO7sM/AkY7nFOj+6FbvWj/LbGVovZj49IG01h3/x8U47QB1M5YsOKij0sS9O67eeduLPGaohvbOuGkopQvRd58Hv/I3thNbqZdZFid1k8waAUlJOk7k3IuAMvOvUK9fl1P696Hf3czn0oyMo8RnBtzc0PEafAdDDwJRyMA8IFMarIHA4+j9uOweIrfANN447G/bXruAUWiu6T8zE/ezHEWaGszfXfJvD5kRsLMt3/8jO0iOs9g8nkCXOhimdwad9mwar2vj64A815bk74zM2eErPnY1xRTrwAc2b358T98d1x6sErXkJoP5U5bfwZnAwDwYQDE4kbHnwCg4ZriV20am5791/qH/6pItNocZ1/zbZevFCpu6HPG8IUx/0YVJVijbWwXDeYdhHF0qIprZhTWrV+ADya/oFdhOpVyTt5zUlbY7vKc97kfuHzKecWHtr3x8O++OS5aeubPiDUzVpxG9iK6HwDEOABwdvT+C+Vnw9lS/HrN4e0n/7Hu/v9VJBJC1lz9tarmOVC9+uYsbdlFmH2+hbw5eeXSaVjRHU8mxsRnbZO7wCaPxeQwSV0U+nIwnwelVLQ3C7Z6aYHesupzr/2uzaFc9K91+9sP/eprmZWJigh7DRolI0x6H8i1nvJUiKP+mCnn1x76y6sP/kWdftKl105bfDJUL4ycRTBhKBk+pnEheTF8TLaqGyPbDdcPg/peF+MLw45yF5LfqDH6prhuMVptkwmnXMuk8mlUNs0+99rvWVW7nHbs3frPn14XGtTeq7kwNN2QXRWURg7k0oUYcdQckzEkosA/fftP3nriH+pLJ6z92ILTL5Ek6JFZKqPLYU12meftmEOt0uOxcoTVGON2sfk8/pE9k3llefKkrqHZpvlph/zNYNWfO+ad0gXfc+m1Mxedfc23LVabopaBo4fv/fHnug/vRhFh8aLhC9kzwllHWyOg5sriTMPOB7HQyAO33rhr/XPqS0vOvnzZuVekjw0fExivEKD9pHLXDV6ZPJRzATEaeTsLfP9NtkqBsfrPxTC52YaHiaoNb5IpAaYGBphvG1W/VYJztrz83FnD3OXnXvt9q12ppcMjg/f/7IbtLz+u0aqC0PCZ3NQrURJ4q1V2oY03eg7v+fv3r+nYy1i0ePn/b++8w6OougZ+ZmZbNj0hBUggCb2EjkiT+iogNpSuKIi+dsEPVOwFFQu+FhBBOoIgPZTQQ++dhARIgYQkJKQnm91smfv9MbuzU+6UTaFozpPnycy55965M3t/c84tM/PwmG6PTmC2BZcXS4vsT6DWewuyKRqoXLnArV5ttfma066S51o8cnXKqK3oGjC/AddYWDzOWNieEFCinO69Ri07PvLfz3UGo6AaDrtt55Lv4v/4SvmLsypF2wBCHuPVDIAg9ZIv660bObdn/V9fv15elC9O6v7YC51db4CQgplVCGw8+YGUnWGdRuDyMaDqQsTHVVWUJM/ViC44ed01kO/bKBxZKYu8Kb9BKLQYcZE4Y27JwlLFSDOKsOi2j771nQ/uo6eJh+OXfjwxJzVJnFQdCR8n1Gju3JxzZVnx+h+n71nxP/EYPklp+o2bGjtgBAC4LgseZsXomtWBBz+fchfUE4chc3SZLMK61QAruUoSp0+fk0xzrV4kCGBfT8Nd0ig24G8oKnllYJXcBZRYrUR9MDWXrrDU0YX1V2HP3+GYVZYV7V74ZeHNNBAJQZLdHh7V++nJWp3EV2lUCrLD0RbI5n5ZCmGIhAcvyuSoLUk6siNh1S+ChdmM6L18Bk36gPkmuxg2WZiVIiM5e6keMkYvNTUlYcA9EPboilXCK7EVVj/zzAj18suvSKXxUQEx0ip5xuplecYaSFCOr49CzbF1xlVPzkbCXlg9RqHVe7XoNqCiOL+Y/1UXAACEclITk4/vDghtHBQuereueiFIqExhvkHnVGiDIELy960VKcrN3Pr7Z6fiV9utmG/BBzWKGvrql8ERzQDn0GoVZgAMJAJR8L617Zzx9xf14tHINiNy/hmUXLREKqhx0Vh0cQa14qKxlZepnrBU3DnKnJF43713+dDWk3GLpdaKRbV/YOC4N4MbR2NTleX2JpQ00X1UfRj0TKlmUUpSVVl+dNOSs3s2SJ1Ls679+ox6g9LqQQSAoHlWG2bAAMPLK+h/3hnnjDWQDyKUAge1A/LV4RkksZF00eqI9cBFS23Ldwdk9LJIS9nLnJ2wMtzUwptp+//8oTQ/G3BCkGTbng/3fmqSf4jyay6FYs1HR92fhiW0/tD7useFKImtynxm19pT8X9ZTOVYA63e68ERL7foPghUxdigDmaQwEZUpOpIG/DwSBnIVQBroHR2csG2msqLRYFn8NxFyzb0arpojrKuom5cDYV1wNnLnDWmkqzCYas6Gbc4+Ug8SAhJadr2/E+3IWNCIkVfq5GXk91RpfNrOASlh7635M09ksrykvN7N5zbs6GyvETKJiy6zUPjpvoGh4OqGBvqCGb+Dl4vNQwmPedcm84Zewo1cc5Qc56xBjV00bIGyi4an00F0ophAq4c+SyiHb7xrbTEI3/P4X0+WiRR7bt3Gvhks059SErdspCrU1DOMnf1+hWryqUkt9KTL+zffPnYbmw/mRGt3qvboxPa9B4GBCF2yyARuwK+iQvNVWSpJsxqtqV9L1ZfU+csVf/a5Bk8c9FSLb56Lpq3rd5FY6snc15q3K+EmWRt8fuuYh1228W96y7t22C3SXICAD4Bwe16D23VY2BYU6X55Lw1KJmzVqzvzZo8KVlRXHDlVELS4Xjx6/sEEt2pzwOPT/IOaKBIMkh4MwBFmEHMkhLMoAiMOucs6XsVDdTXXN45i6sqFmWeQclFy4NRFy5aUltdpLE3HZnKS5gJD8tPEiPt1plKCk5vW5Z25oDIQCiBYRHNu/SNju0R0aqjeDEpAIAlEx3v6D5Ar8uga6hYrEBuZ6WlXziWdv5ITmqiYhtqENm8x5OTw6LbAi7ABukYGzAkYHIABh6BGU9fuzBzK1mnzllC64FzhmrxDLXrornbquGvnahb6tQ8QVqQhNlV6agBoCgn42z8ysykk6BCdHqvRi1iG7eMjWjRIbRpS4O3rzvtaAyyOsNs4oHjzo9myIrdZi3MTs++lpiTmph15UJF8W3FLAAQGN6ky9Dx2CelnDsKbhm/WxcwgwRDHkbaUtvK3EpVXt45S58aXlTxDHfaRUsacJTKLlqxhrhTE1aee0SZGqq2xCQLSijIvHYxYcONS8cQTYNq8QloEBLZLDAswq9BeEu/Db6OIwRBAaFztFlB+HWjNFqadjjsNrvNaqkoM1eUmstLygrzSgtuld7OLcjOKM7L8uhwDSKatR8wIqZTH+S+kooku22k3LJ6y1qHGWujyK1IfzedM9SQZ8AB47mLxhejZCCtlcQYj7TicLdETZQtpTNKq1y5Korykg5uST29r6qyQmRz14SkqCbterR76LGwmHZYhwy4lqfCLQvyqYRZeDQ13c4aRtqCU5A3qJlzxhvIi1qeofZcNFav6MNxxpK4SlcMc3+RqjxuG2Mubym7i685t1jaYbtx8ejVE3ty0y555D9rXQLCIlp0H9zigYF67wCXTiXJgCUB8E1ckFpNmLlZPIKZbyMoSnEb64Sl9LXvnKHmPAOOHHWRthCtGkbdnm4rIS1TVUwlcQViz0K8iymRq2b+WSpKrl84cv3i0byMy7TDgbOsEwkIi4jq0Du6c9+AMHYhKqZt1YRk8S6AIsyCXJ7BrGa7ZpG2VFXxwNeWcwaPeIbacdFSemV0JQ5Vw4405kSkaiVxFoJCBNty9qqpdpdpr6rMvnI++8q5vIzLJXlZEsY1Ei/fwLDoNo1adopo09U7gH0sDN+kPCUZ8I1e0l6JCkEpkkkedZtdhUgG0iID4bbUWdSpc4Za4RlwtGCjVtWBtEfG+AqIdz0aG5OpAGdXmEOckW+MqaDIAG8nSGT+VVWW376RUpSdUZiTUZSTUVGYR9PVcd1Gv6CgRlFBjaICG0WHNG3tG8R+ZVqyJWEbmQS6eJLFu4CHB6SxEdekFsbAuNWoXqQttY2tRS06Z/CUZ1By0VgDbHQtMhDlxrsyfBytpiMtWbo6Ly1xIpgDio359uIsUF2weUdENG0qLagoyq8sK7JUlFrNFVazyWG30Q4b7aBJiiQpLUlptHqD3uhn8PYz+Ab4BIb4BIZyvuqo0HRUYgwgQ7KgGDz8Mj68Ljwz315QDSGfIr2kE5Y4ETyrNXfOAKDxyFokiGlMCCFxs0MICAIBEOyGrAFXiSkSq2czcrWCnNgkvtJZMnsu4KKIuZhs5bknwqkzQohLo8AY2F2uDXMQfi7glwNcU0Yk2HYaECThExiCfXGCksg1GpkmJR1LS5LM1whJEGVRM/olLraGMHNrLixZSo/3sgo1wlbGM4AF4jHPHCTw/gTLNpPCQVeIN07vPhTfGK/3CGmHw5GUmJh06dKeXbv0Bn3HTp1Dw0KjoqNbt2nr7e0tyiJGGphzAWCrDdwcfANJqkHIMNtK8O5a0BZkXHferVvLly07d+bMqr+FX6VQFEWfIO2QecqTJ04uWjD/ldff6NS5sxTJLiWGZMHuHYBZVKAaPQZ4kV4BcZFewUBGauSf+Q1d0UULEyVcN74kfiFYR6sK6Yry8jV/rdoSF1dS7H5QISkxkdkgSbJFy5Y9e/fu139A8xYtREgDn1K1jhrUUS1SgkQn3H1SYs3pkyc3btiwd/duh8MRFR2NySZbgrSle1Nebzabd+/c9ffq1VevpACAyVQhpomfV8Et85PqEGb5KBr4ggVe1lhcEXEdqoEwT6rDs5QHxkPmTsWzjdPj42I1kbk80kcOHfrum6/LysoAoEXLll27ddPr9YmJiRqKSkpMrKiooGn6SkrKlZSUixcu/DxnrmxYLueoubvqqWbzyuhBgu2bWVmrV63au2fP7Xz3u/hCQkNr0kCwEIqS3FunTp7csjnu4P6Eykr3Sw59fHw9CrBldwGQHYB9zkzSadcYZsFpIpyN8FxwYTlGL9AqBugeSQ37zzwXLagNJyznGnCxlNJjS+IeUZhXDdI74+O//forhJCfn9/7H33Uq3cfbrkWi2XF0qUrVyxnrqNOp8OVBsD3zCDhqMFDqkE12K4svMtEEHDxwoWU5OSOnTqlXbuWkZHB6AMCAkC1iJ29rA0G7yULFxYVFTVs1Cg9LY1tjkz/RcbdqUPPuR98+9Ny/2etutZ1BDP37HB8Sjpeibw8vVIgXVPnDNXmWeSB2Tat1jNzsVTyusIOs6yNcIfZTk9Lm/3dtwghkiS/+e77drGxAjODwfDyq6/6BwTM/eVnANDr2CFf4I6QcU4HZB01sFQLOtXA+bG54+eKYAPPMwtxGvro8KGPDgeA2/n5wx7+D6P39fVV3UQk7dR5aQCAufPnM8r5835bsnAho/TyMoj9myi7gltmfgKtLc1YEYcIXVGDj+sIZpyXxjpkOU+O1StG2lJV9Uiq/z597JAgXy+ok/C6KOplIh+cjdwN+/e5c202GwAMGDiobfv2Umajx45l+pwkRQEgfuPjtQDBD4zbZfMhjgZxi+VkFCr57cn5xxbFN+CZhYSGGLycn87y8fHhZpf941467h/GTKqGrLJ5ixZsmsFg4BeFvUQyu+4r71eyGBAyVmwnaLM4VWZb1gykbjeuUxPzKdUIVemlAFHy3qqkdr4viQ1FQIJ57O1NQo+9IlI2gm33Tl7erVMnTzDbXbp1k8mDEHp0+GMAQNM0wr0pGtcUkNSuoMXjGHBbyoAt8pB4vNk/NrgwGCRfAIzNKAWwRGV4GHP1Wq37wWyNVqd4WSR2eRcDwMUbAAAgAElEQVScpEuNFfEAQNAmL9Me1oBrjN0GAETbwJqHMwMszLKtTmiDa8ZCvRKrtRBpM1LD70via4HVY5lXgSv2AnmG9KULF1iNXq+Xz9OjZ08AsFmtUtWWcNRIvMvRsNXGUq0ANjdJdGmR+I8gnT+rTqdDEoLNKDpTuRuKFN4AwH10RKOhVFwK8ZURtiJjxQ5ANmbbu2Kr6N6K2UbWPEfuOlvS29Zjfe03V4jMQA3MWPejpt1KnIestsZk13w8DD/uhbAj1LgVJkipI80dP5Me7kYyfenCwkK2wqnXrg76z39k8jSNimoQEmK3u99Bi/gdZnBddNw4GXg07QyY4S5eXxrcfWzu0UEs3FEL0rWj0ws/nSUlSq0ISZsJbwFMdViNRqMR3Q4EYAuLxfbUvCoPsvsGywnKUeiggsX2CCFkuuoo2E0X7KNNrnckERTVeFxtwCwHNvaWgr1D8U/QvVdzN11TnrmClMa6lYzlUMcVphZpvd4ddm7bsmX02HEBgYHYPABAEMT6zXGiJAAQVpg1sNvtBEFQFMW1UUM1uMDGDXSJ6UX8q8jb4bYE9s2BGkpT3RYiaPpyBnwzBAAEya0bdwpD6OrFhYthZhQ6y3maBqsddBogSdrLfLDC5ymesa3QfivOkbeJNgk/QkKFPsZ96ZKnMEvUX7HbrEJbCwjzpBZ4FuHKNmjsQkvM8knEm+nBIy3BqiqkmzVvzlauvLz8/enTvvn+h0AO0sBzthjCXbtuPk0m07YtW44cOnjt6tXy8nIACAwMbB8bO2z4Yw/178fYAI7qY0ePxW3aOPObWRRFAkBWVubWuLjEixdLS0t9fH3bx8Y+OWJEZGQkt5Xk5+Vv27Ll/LmzBQUFer2+VevWjw5/rH2HDiAxF836Z5Jy96dOnzoVv3VrZmYmAIQ3DO/+QI+HH3mYHTlz/3j85pV67dqZ06euJKfk5OaUl5UZjcbomJh+Awb07tOHb8zLxm0PlHNk0WlcWlICAD4+3pTLbzvs9kqz2WQyhYWFAU8QAFgsVXt27TxyYPfVJFt+iZE55fAgOrbVol5D/fr260dRFLJk27MWOW5tQrTw01kAQJA6qsmr/BP0DGZcyC2EGed68Y6Xs610b/NcPH4eQ7Igdu6FAK7rUPE0JWZbUA6+DH4gKpVEEEDT9AvPjs++eZPV+vv7v/zqa0OGDSNJEptN5mAAEL9t65yffy4vL9fr9c2aN6dplJ6WanV1uQcMGvTpF19qNBruKVSaTPv27lm/du3VK1f8/Px27N0HABvXrfvf7B+4sT0AaDSat99555lRo5ljrvv7759//JEZnOfKY0888d4HH2o0mDvyE48Oy7t1CwBmfPTRE0+NAIAF8+YtXviHwCwgMHDau+8NfhjztffCgoJNGzds3bw5NzdXnAoAPXv1nvXDDzod74WEbIM8evjwtKlTmO0jJ09xbb79+qu4TZsAQK/XUxqNw26vqqoCAEqj2X/4CFsSU9q2LXG/z51bWloKAE1C6cgQZLXDpQzSYnVe1aioJl9PaRdk2YRoybejUk3+SzV5jVPDWoRZkMTbvsORNiO1GW8z4nlHmpsROO5dfimoB16aJMm3pkx9f/o09qqVlpZ+P+ubtWtWT3hhYr8BAxiqBYEG1lEjhP73w/ebNmwgCOK5F154dsLzRqMRAEwm08+zZ8dv3wYACXv3BjdoMOWd/0MIEKJ379xx6MCBo0ePVlksTGlh4eEAaNGCBYv+EDIGAHa7ffZ33zVv0aJT584L5v2+ZNFC7HXesnlzQGDg62++6VLwau5UESQA/PDtrHW4VdwlxcUfzXi/srLy8SefFPiKTz/68PSpU0xVJ774Yrfu3XV6Q0Za2pJFi86fOwsAx44e+X3unLemTgVMQI748bZTyVhOnTa9VevW38+aVVVVBVVVer1+4ODBD/bs2aVrN271aZr+8fvvGPJjO3R8/41+vX1mMckVZvhjm3bOJo1OA5MHJAdWJsqgQBijqciXXOVCtWHmnohM5796MNei1Jp/BgkPLNILXa7I2K3nJsm4X3Zb3mzH9u0/fv+dQ/Ryj/CGDUeNGTts+HB26FvGM8+bM2f1qpUA8OaUKSNHjxHUdvrUKcePHQMAiqLWbNgYHh5usVjGjnwmNDS0oqLixvXrjFnnLl1jmsWsX7u2Q6dOo8eMadc+liCIC+fPz5vzK+sP+/Tt2y42dv5vv0U2afLc88937dbN6O2dkZ6xfMmS48eOMjZ6g2HX3r160aTU40OH5ufnA8CMjz5KvXZt7Zo1wQ0aDBk6NCo6urS0NGHvXna9OgDodLo1GzY0bMh7p++oESMyb9xo3qLFnHm/+wcEsG3aZrONHz06KzOTOfrOvft0nIU3bPs+cezYO2+/xVy9wydOAL/Rf/nZZzvjtwPAQ/36T58xg7OIzY3Hrz/9tHbNagDo1v2Bb2fP9rMeCsmfwq3h7jNkYSndMQb/6Sznr0LqNR1XEt4toMYwY8Np/nnxInDFSBsLfM2lNnkGCVxBDmm56FqQVEOkASAlOembmTO5gTcr/gEBo8eOfXrkKKaBYmPvkydOTJ86BQDatG07f9FiTqrz/4Xz5954xfku+6nTpj89ciS3kJcmTky+nAQAJEnSNP3fV1+bMHEit4Rbt26NGznSYrEAAEVRDoej/8CBn8+cqeMvVnvrtdcY5wkA8xct7tCxI/Dl8aFDbt++DQCRkZFZWVkPDxky46OPvDhd5RVLl8799Vd29+lRo6a9+x67S9OO/r17kyT55+rVEZGR3JIRgsUL/1g4fz6zu3j5itZtWrNJrBw/evT/przNnOnBY8e5lf9+1qy4TRsB4MWXXn7hxRfZFG4JJ08cnzZlCgDo9fq/1q0PDg42WE6F3ZrMrUl+saOwVAEDTatvyJBhSsTKJFUDZt62TLe51iNtRmpnPQkrnNACr+crQT6wESQpXj6sGfc3a92m3eLlK157803xwubSkpIF8+a98Oz4E8ePMzmFsyAIMUtBAeDpkaMEkx9MJdu1b0+5xpaTLycJCmnewjksR9P08McfnzDxBe45IgRhYeH9Bw5kNA6HIyoq+rMvZ2q1OsSZByYIYtSYMWyZRUWFIJpDZg+alZX1UL9+n30502DwQsh5FgihZ59/fsw498ff9+7ahRDNZs/OzrbZbKPHjYuIjOQemim1ZUv327yLi4uQ9Cw08G+LNE1/9cXncZs2arXaT7/40gUz4v9MAAC/z53LbAwYNCg4OBghZKd4Q2VWGyoqU4I5+v8EMCMkbnKCXQ9g5ohUa8RbcMqs/Zi79vvPrHjUkeZuI/5wN1ueutkppxkAZvoaAChK8/TIUY89/sT2bVvX/f13bg7v21G5OTnvT/u/CRMnTnxxsqDcc2fPXnc95xDeMPz69QyHw2GtslZZLJWVlSaTqaysrKy0VKPRMCE9O+nN/mY+Ps5X3hMEMfnl/7oqyf6iBAC0bdtux/btzP64557V6bSu1uO+YtEx7i/UWaus3DEI9hIwojcY3vvgA/bcuTL55Zc3b9xoNpsBoKSkJPPGjSZNo5gkb2+f9z/8qF///oJGyPwLCgpkVRazRZDKZBG3d7vd/vknH+/ft8/b2/ub73/o3KWL6ObrtExOSkq9do3Z7dS5M3P17JrGiPRil3neLqHlQdDETCMbPSdFr5hMldG4+ExlYL6T3WZW6mI8DI8rN8lTpDlAqkXaVRq4fkKepU6vf3LE048/+dSBhISVK5ZnpKdzT2H5kiUEQbww6UVwXX6CII4ccq9nYINqKTEYDI8MGcK/HwG7CrJJ06YNQkLY02eEATuoQTBrH9uhI7etsND6B/izWubeIaTCtTyrf/8BgUHB2AZk9Pbp8eCD+xMSmN3sm9ksz4GBga4RMl7bLSgo2LR+XdymzWwhJElgseRVBiGr1frRjPePHTnSICRk9k8/xTRrJm7W7P4x1+gAADSNinamAlml62iwHAcAuwOVmySPR1BeVIsvyAYPKyEqkypzC6hNmOuC7DrxzzJIK9rIIA2ASRKAChy37CpN0pIkyQGDBvUbMGDXjh0Lfp/HTI0ysmLp0l69+7Rs1YrNcDkpidluHBHxUL/+Gq1Gp9NpNVpKQxEESZEkEM7yaRp17NSpRcuWiDNfDZzZ4LCwcNGkvbOJaDmfpArgcAuchshdHoP1vQ4Xz1Ex0SAtrdq0YXlm3jogOBAraWmpq1as2LNrl91u9/bxYfUajRYfXtLuu5TZbH5/+rSzp09HREb+NGdOaGiYfF/saor7A/Q+Pj6sgcnYn+G5tEKSA9KnLdXyS/BqrhJmpZBbUDuPYeZLncMMdRdvi9orC5iES1UXeHOTwNWaBRgjzLyX+4AcS6fTJklyyLBhPXv1+uLTT86fc44O0jS9fOmSmd/MYk8gxxWZR0RE/ve111i9eOkbf9KL0SAAYN+bbfQ2AucXFXQy2W29wQshzJowwZy5uGG4D2Q0CmjnGoeEhrrLIUlsA0tKTFy2ZPGRQ4cAoFmzZmOffS46JubF5ycwqRR/9hvbRmdMn3b29GkAKC0ttdsd8vYIoVu33B+s1uq0rE2F9/DAkrkkXV5mwnxXoKySWJ1geOPrPxFQUtGyDMxS0XgNYRaMgeEz1KrU8ngYV9SMjQlGlcR3ShXREYh+Eu7MgTMJl+o8PrPrHxAw64fZLVu1ZtNOHj/OzhgDQEV5ObNRaXa/fIMpQjTaIdYAQsC2Zi6QrD0j3LUlTHyO+A8/CQgnCELGP5MkhUQDWqwYvYzsdmBAoOtyOf+upCS//frrL0+aeOTQoZiYZjO/mbV05aohw4Zxn53SajXcynPPiN1insoGgPKysg/fe5cZvZe5aNx3m9ht7qtBE95lvuOsNmThrwHLKyYXxusn/uCz5YSXCGZ8AxCnupLqCGZu3jqEGeqUZ65wIYS6Qlqy1MLCwsRLlzgNRfBTOXe1Wu2bU9yTnDabLTMrU9zy8vPy1DEs1LCs0g52MFkoXJ6xL3UCAIeD5tiQLOcsiqx/ppz9W/yfw+E+VpOmTbnYz/3l1xeff/70qZNeXl7vTJ++dOXK/gMHiutDUdj4DiHOqT08ZMioMWOZ7bTU1K+++Fz+QpGco3DZRggV+04sdjQnSD2hDyP9u1ORL2s7LJs022/9IX2lhTB6e8u2EJBOFYANtQ1znSLMk7rlWYpVUVKtIC1Z6oF9e995642jhw9jPTN3t227dtxVxGZXe0IIsf3G/Lw8ZlhYPdWMkl2z6aAdrL/lAAbA4ZlZi4b1ftwlMVxXz9LIFoKE7p33V+x6I2JEZGRQsHscbsG8eav+XIEQ8vP3X7B4yYhnRnIrwz26VsvyjFx3RoSQu//MdB9efeONzl26On+LhISVK5bLXC4fX/eHb5kasmaI0JlarNX2OqntvksTu5Bq+nqVrjXbQwkPD2cvgocwCy3rDua6JrvO/XMtIs2Ni3Bm+FIRAhrRAHDh/DlRORhH3SgiglX5+vqx2+wKKoTQxfPnuceQYZirdPtnTicZuSNhns8U//BssexCcSkRLAiXEna9GvsAKaNkeZv44otR0dGCmnBXkms0Gva6ce+P7AkyFSZJ8rOZM8PCwxnlwvnzjx87KnUrbNSoMau8mZUpNuPucp+EbdW6jcDZcn9ojsYzmLnl3OMww52Jt2sLaQDuL8RNwgRL3N/SYXcAwMnjx9nPwcg4apvV2V69vLwiIiPZdta6bVvWaEf8dvE5KrprTrztwOHKc60A4FrjIRRur56maYEbt3N4Q5w1JGI5e/oMAOh0uiefGsEq9+3Zw3rgHg/2FB0cFRW5EaIoDf/quWsl2A4ICJj5zSzmeWyapr/87DNmlZ74urVp577O586e5ZwLz4w5bka6+9HIHj17qnDLUmAD7v6uHPrJJdxxmOEO9p/rAmnE35X0vYxLKSoqOnXypNT9m9mtqqpKTXUuZujd9yF2sRdCqE+fvmzdDu7fn5J8GfsLMc0uPy+PWXHJahBC7N2EGa/C3gJsnBEgq9WGMC8AQtxepXg5uk2dc068dDEjIx0Axj37HDsZDgA3b7q/cUfyu99MZdl5O6lzRwhxebbbbIyyRcuW0997n1FWlJczj4KIC+nNuc6nTpwoLy/DksxU6cyp04wyLDy8W/fuIPpZ+fbO7BJtQKppwf0CM9wxnqFOkAbZ2627MOaJPABY/McCV7CKLQqtXbPGYjYDAEVRY8eP5/4Knbp0iXItb6Bp+vOPP76dny8G0mKx/Lls2YRxY3/534+CJNb3ch0scDBACJkq3F9vZ80Qv99b7hppBwCb3Sag3aYUjQOAzWb7afZsAGjXvv0LkyZys3OHry+cv8A9LgDczMrauG4da1BSUsKtPLd87gVht//zyCMjnnGuac9IT5/5+Wf8rgdCCDWOiHiwVy/nFaiqWvPXX/xrBSxvZaWle3fvYvSTJr9EUZSEWwbFViQAW5yK277nYIY7yTPUJdIyqQi5h0kz0tM/njGDeZ+++Ca9cf365UucT1k8P2lS06go1ikBAEEQb0yZwo7x3rp1678vvrhl8+bS0lKEUFVV1eWkpPnzfhv11FOL/lgQEdnk5VdeBW5+ANdx3RiIL1Furnv9aUlpidgAAG7dcj+TbKowCWjn8lNZaRLQDoBMFRUfvvfelZSUplFR33z3PemKmZk/7ozdogXz81yzwQihnfHbX31pcgXnjrM1bnNVVdWZ06dffWnyAdfSFIRQMefbIwUFBaweIfTam2+w71c9evjwD99+63A4BFfj9bfeZp8eWbNqFfOEJidUAQCw2x3ffzvLZDIBwKD/PDxg0GCBdwW8K1bAVT71HocZAKiXX1ZYuljrIvVYpShJYAb8x6eEj1KJLdndhL172KXXt3Jzd8Rvt9vsvn5+vn5+BAGFBQXHjx393w/fx2/bxlz9kaPHvDBpsrj8ho0a6vX6M6edMZ7FYjl+9OiaVav+Wvnn8qVLtm3ZknjpktVaNeKZkZ9++SX7/hNGMtLT/ly23GqtAoCK8vKGDRs1adpUsDIk8eLFpYsXsUD6+fm1j+0gsMnKzFy0YD676MJmtT3wYA8vzkxycXHx+rXOp51PnzqVkpzscDgoSmO12jJv3NgZHz/zi8+vXrkS27HjDz/9HMCvJABENmmyLS6OqYPJZNq2dcv19IxDBw/M+eXn+G3bGjZq9NWsb3dsd16otNTUFcuW7oyPj4qOfnbCBI1WCwAlJSV/LlvKPviZd+tW67Zt2JFFkiQjIyPZNeqp165eOH8uvGHDcM5wo6+vb7PmzQ8e2M+MDhxISPD182/eornrMXXIyc7++ovPTp04AQC9+/Z9d8aHrp6RZ25ZvCvIi9t2VhK7fXdhhlp/XlLtUWuGtCCXBNXu7T+XL9uwdi22t8bMxLC7YeHhr7z2ep+HHuIWKCg/btPG3+fOwQ4y+/n5TZ8xg+kBspVfuXx5/LZt2dnChzS9jMaOHTu+8+57oaGhW+Pi/ly2jOt4GTF6e7ePjZ00+aU2bdtevZIy66uv0lJTxacQE9Ps0ccee2b0aADIu3Vr0oTnuDG5uMznnn9hzNix3NVd3Itw4dy5Ge9OZ1wfKyRJPvn006+89rper//4gxkH9+9nkx4ZOuzd99+nNJr9+/atXrXq2tUr4l59k6ZNJ730Ur/+A7bGbV65fDl3ERgjwQ0a9On7EPOCBEaSLyfNmvkV25/3Dwho266d0cuYnX3zSkoKQkiv1z/3wsSRo8dwF9VIhM01cstwn8AMd4tnqBbSgMFYHmn3rt1uS7x08fzZs5cuXkpPT2M6yawYDIYOHTv1Hziw34CBTAdSvMqSe4ic7Ow1f608cuhQSUkJU8mo6Ojeffo+M3q0n58f8GXDurUFBQVGo9FoNGo0WuZ9WlarzWSqKC8vf/qZkeENG+7aseP69Qwfbx8vo5dGoyVJgnbQVput0mSqMFX0HzCwbbt2V6+k7NgebzQavb299QaDVqshCMLhcFgslrKystDQsCeeeoo5osVi2b9v36GDB5ISE4uLihilt7d3q9ate/XpO2TYMF/OHC9W8vPz165eff7c2eKiYh9fn9gOHZ4c8XRMM+dzXWVlZb/9+suFc+e8vIzDn3ic7RIfSEhITLzkZfDyMhr1ej2zesxmtZkqTaYKU2yHDr369NmxfXtGerrR22g0GrVaHfM4mrWqqry83G63v+R60IVhwW63Jezde3B/QuKlS+wdSqfTNW/RokfPXkMfHR7AedeCK5dMZ825Kd4FaZgFVN7LMMNd5BlUIy1j6RHSXIOioqKS4iKL2UxRlH9AYFh4OOV+dZ44KHDrBZry8nKHw+7r68t9j5fUui4pvac2HhlXVlaazWadTqfIMCsetUU1xlI2Yr3AnXI1pooKS1WVTqdjHzvlWqp3y+JdUAezoLb3IMxwd3kG2YhalCqDtHgXsMyLDeR3RVnEZlgNps5q9DWxrEUpLCy8cO6cxWJuHBHRtl177og3eNJYsZanT50MDAxiXT3H2PlfhYanV02yoEbKqKuMsQVHuYswQ52+z0CNIOkPsopSxQ9jAch+jZmjcRqLDEDwvTjZj0JizXga4IPN/rSiRyPdP7k8seLGUaeEI4R+nzvn9KlTAwcPLi8rX/D771UWy98bN/lwnpFULEEq6cjhQ0sXLkpLS/129o8sz2LAOErPSHZpsLk8c8uCI94vMMNd5xlqgDQIMRYQDiyTrLGWzvW37NTb00hk5mCB9a1q6s53/R5nr5VMgiIky0CgsWsaVxoHW/S8941xm2Dcpk17du9e8ddqZrroiaeemjBurOBpMEzJso2YTe3Zq3dgYOAbr7zieqrZVS+esVCJJdmll7wFeESyYFd9h1lQvbsOM9wLPIPrQrAv3AcOqCBCGjg+Cgmfmga+W3ZaMZqgytWhpt8IJHyR9b9K/MpWmLyHFQR9QhOYT+Hs2b2rWbNm7NxveMOGXbt1p0WD1aCaYa4QBGE0egOAXm8Q9UWd/3FKYZJqksUVqX6MLdq9VzrMArkneGYEF1FLYawYe4PAUQda4sIqfr4zJ3KPi7dpO4AjP3iWOMlus126evV6Rgbz0VwAeO+DD4ze3sz1Lyoq0mm17PNPt2/f9vH29jIaAcDhcGRm3oiKis7NydEbDEFBQQCQlpqalZXp6+vbuUtX5k3gzK9GaShzZeWZ06e9vX1iO3ZkP6BhtVqTL18uKixsGhUVHdOMpunb+fleXga7w44QBAcHV1aazeZKiqI0Go23t3dJSenVlBSLxdwuNpY5Yk3cMn9Xdoz7XoUZ7sp6Enmp3giZyxg/SKYBU5Oy/yOQc8Y4I5cI9IXEDPJSBhkRgjjfhIETyeTxZNLPCH7ecpXcd46Kbuj+Fcsq4VIG2ShY+LsKzBjJLyYu3yAbN0AAcO0mce0mGRGCTqaQ+SWElw4dSaLKK4nwIHQqhbxdQoQHObOfvkI2aoDyi4lDiVSIPzqSRBWUEsF+aN85ytcI3gYAAIQgOZMICQAAOJVCNm6AzlwlcwqIRg2QuQqu3iRCXS811dnSqgzd7JpG3Ioxq68OHjiwM3673WZv1qKFTqczGAwEQSTs2/vV55/P/+236JhmMc2abY2Lm/XVzIXzf+/YqZOfv/+qP1fM/u670pLStNRrn3zwgdlUGR0T88pLkwsLCgGhP36fl3z5MvPe0rKyss0bNvQfMPCTDz7YvnXLjvjtx44eGTBokE6n27t716cffujl5ZWTk/3Dt7PCGzaMjoleuWLZ5598cujgwRYtWzVq3Ph2ft6Md6cf3L+/Y6fOK5Yu/WvlCj9/v2NHDi+cP79P336+zplCPMli5T8mxubKHV3vqUZEiz2B/5PwtnErQ51XnLvrbT1J0u5VihsOa+KOUsmZRGgASs8h2BXES3ZoKsxEbDT95x5NaQVcySJsdigsg+wCwmKF26VEXjGRW0hUmOFSBpmaTdjsUFQOGblEpYVIzyEKSsFqh+RMgqbhdilxq4i4lEFm3SZMFigqBwAoLgcAsFihoIwAgLJK2HhEk3GLXLlHc/kGuesUdTSJyi8m/L3RnjNUYTnRwN95dum5xKfLdFY7LNimaR1J38gnr2QSgb4ou4CIDqfnbHIGWVuOUasTNACQeJ385i9t1m3iVAp5OJHKLybWHdRsOMSLxbxNOxFfAODRxx5/Z/q7Go1m2ZLFY595etmSxcyymQEDB01//30A8PPzQwg9+thjb02ZCgDePt5arfaRIUM1lObC+XMGg9ei5cs7dOp0PeN6z169350xY/yECU+PHHX44EHna0loBAAL5v320Wefbdmxc/xzE9JSU+M2bkQILl648O6MDyZOfun1N99q3abN3t27KYr672tvdO7S1eFwMM9aNGrcWKfTT532blR0VOq1q9/9+L8x48bP+OgTs9l87OgRtoFg3TKnLSHxrnSjup9ghnsq3mZFZtwLlGJvrrF7GMyRLThE0nVy6jO23Weozs3RX/s04wfbKy1AEHAyhdx+ghrZz/77Fm3LSBohOu6YRq+FJqH05RtkYSnxYFtHei55u4S4kkVuO0G2j6YTM8huLR1Zt8m/9xNllUT31vSeM0RxBfFoD4fJDGevkhfSSb0Gxg60n75Kjujr7oumZpPdWtJtmtBbjlFXb5J+3ijEH52+Qvp7kxfTyRB/VGUlI0IcALDrNDW4iyMjlyiuILYep/p3pG/eJs+nouEPOpbs0MS4QoDHezmuZZMAcPgi2bs9HRaI0nJJox6RJNJrkdHAC2c0dsxHBQBg+OOPDxg0aPPGDX+vXr1s8eITx479+Muver2emfVlP0DLbOh0er1eH96wUWBQkMPheHrkKADUtGlUWWlpbMcOAFBeXs68d81stuj1eoRoABg5ZkxUdDRCMGHipB3bt126eHHMeBgzfnx4eEMAdD0jo6qqinnvCgAa++z4d99558ypU127P5CTk20w6Ppz1CYAAA0cSURBVGOaxQDAjI8/8fHxRQguX07S6nRmc6WYPeDjp9Aj9iTGxhncE3LP+WdGJHwvz0DJ2P2L0oQR+GJzgIaChkHoSBI5frAdADLzCb0WWkbQgb7oeh4x4iF7SiZ5LpUqr4QAHwQAAzo5ohvSI/s5vPTQJAw9+qDD7oC0bKK8EkpNxP4L1IDODq0GBnV2WO1Ehxj61BXS2wue6O3wNoCvEW0/QQ3uyhtY0lBgtYPNDjfyyQfbOnwM0DAYfTLBdjKFJEl4cZg9JZP8ez/11z7NpQzy7DXyeDLVN9bRuz2dU0h8PdmanksCwHP/safnEluPUXvOOB/tvHyDuHKTPHeNXH9Q07EZHRaIvlyhyy8hzl0jizhrQGnCG0mI0WgcO/7Z5av+6t6jR0py8qYNG8D5mUjmBQaAkHOXJCkmSidJonWb1uw19/P3r6w0//brr19++inzcQ9muQ7zNFWTplGuWy3RNCq6yloFgMLDGyYnJX3y4Yfr1qzx9/enKJIprWOnzjHNmm+J2wyADiTsY76ehxCEhIQm7N0zferbV1NSDHo9RVLs7y/RW0bSu/JuWagQGN9Tco/yzIgMpSC66AJjrr1J04lrSQA81tPx+XLt7jNUsC+s2K0BgCA/cNBgc8CATo5GwajSQoQEIIMOEQQQ4ESalZwCYu5mTXggSstxvhZz/CDbmgSN1Qbzt2qahtHF5URRGWG1wW+bNRQJg7s4LqSTfvy7SqtIOuEctWSH5qFYx7WbZKkJLmWQi+M1RgN0bk7/tF6r1cCo/o6xA+2/vGHt0oIe1c9+LInacpSiKFgcrzFXwdlr5N/7Nf7eMLynY3BXx85T1LlrpLmK+OEVa6fmdOfmjvRcoqCMmDbK9urj9k7N6SDOwiqzvov4gjPff2PE19f3w08+pSgq5fJlNkB1OGgGYNfVdl0WgtDp9cj1kNbJ48dfnvRCm7Ztvp09m/kcD/MlauaNiJRzAowph27UqBEAzJ83b/b337340kv/9957QcHBGq2WLe3JESNOHj9+Kzf36OHDffsNQAgsZvO0qW8fPXL4sy9njn32OZKiNFqtgGT5AFv9OPa9PPollnsx3uaKp7E3f9dpb6Giy3V9fK2HGf07I20A0DGGtjlAr3WahQYgbwMqLCOu3iQmDrEDQOtIWq+DJ3s7bA7QaQAAerWjAeDtETYA54fFRzuAJMA1QesAgCob6LVgtYOWAoJwmmXmEf07CWd99Fr4erIVACgSBnR2UCRQJFisYNABADwU69C7vlpFkTD1GRsAfD3ZihBoKKiyApPatSVtcJk90t3xSHfnUaaNsgHAjLE2ggAN5dY4K0o1KPd+nHORnRsb16/r0bNnaKjzDWo+Pj4GL6+g4CAWlUqTcxgiPz8PAGw2G5MXIeSw21mc5s2d0+PBB/sPHIQQMM91MM9+ONzvWkAAQNP09evXR48dn5WZuf7vNZ98/kWTpk0BwGQyaSgNW9qAgQMXzp//84+zQ0PDmLnr3Tt3JCclrY/b6uXlhRAyV1Zq3G+e4F5jDwJsTPJ9EmNz5Z72z4zIh9Og9Ksw9tk+H1RpYrh6kgS9FoCzBOOpPo7Jw+wMzABOYAjCCbNAGKWGAsFqC6ZMncZZLGMW4IOe7OUkrWEw6t2eff8mMKPrOo1zg4VTz/1so0so0gknm2rAmbGi1TjtuUKTPrlB3zvAizMS5vyrqqpatngRTTuY3YS9ey1m87Dhw8H1avs9u3dbrbbsm9l//bkSAA4dPJCSfBkA2aw29rlohMBUYcrNyaVpVFZaGr9tKwDczs+7eiWFeVyUfR3ipg3ru3br1rlrF4b5nOxshCD58uUL588XFxeVFBfn5GQjBBqtbsiwYefOnh04eDDTHCpMJgDIzckBQJs3rrdarUVFhRnpGWbe93fkAmzw3C3f+zDDPThfJSMyE1QSBu5dGvSl+kcIoPX0TRLxXg9yB0Svc3NFue4jd14QoTd5DbwV/I1V2wJrcOjA/mNHjhw8sD8jPX3jhvV79+x+/8OPYjt0BACtTltcVLxrR/zqVSuTEhOHDht2/fr1Dh06hoWHr1i69OSJ4zezssrLyzt26kySJEES8du27toRf/rUyZGjxxw8sH/Prl0P9eun1en27N51ICHhSkry9i1bjN7GV994kyTJwMCgxEsXd2zfvn/f3vLysm7duh9ISEi8dOnhIUOZj4FERETs2b37jbenkiQFACGhYYf2J2zbErdv7542bdvZbLaEvXspiurRsyfzm0tPTTGp/zS3zMpdfh7DU8EhDeqpBgCSQBq6iAQB0nJPX8geS1hBnNKdS+oBDby2VldqI9DYqRCk0MNCxUVF6WlpJpMpKDi4Tdu27BvUGMnJzrZarU2jos3mSvZpR4vZbPDyIgjCXGnivtXYUmVp0qQpQpCfl6fT65nP91RWVqZevQoE0ax5c2a5mAs5dD0jw8/PLyi4AQBcz8hoHBGhdfaKIfVa6vatW96cMpW1r6qqupmVGd6wsdFotFgs+Xl5TZo2gRqTrJjlHpf7jGdGauKosVlwC1d45qK8UkpeFnl6pXGV4/gOP3Cl1JjxyeIZYFyquFskLNludzA3lO9nff30yNHMTBXOXswhBsN/sFtm5V4fD8MK4n8cC/GfoAKlcTJxFs5Im0DjNHflwxuL7IHTwsT0cmdTsGwLmpHg2SxQI4rYV7etSmZTxzAmFUsyo9wZvz0p8ZLFbPH182VhViRZXOY/3i2zcl/yDNJD2dzWr3L0GwDkqQYh2NwkxHXX3DYguBeoZ1vKBifST1PVqDUqZ8ZCKG2jyDBgoerdt+/Z06dbtm71zKjRMtjLlKBEMkZ3n5LMyH0ZbwtEfsm3wEBaI84lLAobVMsfGpdLvkzF8u+CqKEXZ1lNjGVDcby9YnSN0wiLuq9JZuR+9c9ckZijBqnwW0IDWGer0l1zUrnff1Rw2q5UKbyxzVq6211d4GWbsVIHWhZgicKRYhIuVZVDhmqRjM11P8o/gWdQEUuLbSQ0wox8jUDpzMRNAuBiL5kEgI+oZQNvobEwwZ2ikmyPW7BKRy2BhiqMRQbYXPUk4+UfwjMjdU21tNKZj1MXgWcWOm2QZBtwjRsXsssxW9MGKg9kNbIoMoyzkQzF60mWkn8Uz4yIR79BaahMQuP8jxvxwg+D4VyumF4FtkVFARYkxfC7uqKqiasJ0VXeFGqCMagiGa/758EM/0ieQaF77BnVrrxSE1SYONy5L+G0QZJtQd0w54XzyXXeKFU0e5lOr9BA2kzqLlBPsgfyz+SZkRpSjcsLIOmZZXrR7jI4tcN6ZiQitk4mnz0qTZxPXSEyMQXGrCYYSyj/XSQz8k/mmRE1Q9kgybCku5YCWxxOK46B8ashrD5I8llHk8/u43pYrIRr9oBhkMEYVDtkbAn/eJIZ+efzzIiaQS9pSwzqIAE2R68wvg0q8Mbm4map9UlpT5q9eoB59jXHWEL5ryaZkX8Lz4x4SrXIWCXYIOu0wXO8hRlFh65TUfLLKkJuD700o1eJMdSTzMq/i2dG1FONNQZlsBVnnjEdacC1SPWTz9gCVYjHLV591O35DBajl3L79SQry7+RZ0ZUTlBxjcFzsMVOG4TtT24MTKpZ1unks/yhZY5VrUibzVsLGMuU8y+Rfy/PjMgMZYt9rJS9jB4k2QapqBtHOIiiBrFBXYt4LEqVsXxVq4Extsx/Ocas/Nt5ZkXaXcvF4SANtjgJhA3Ro8lnLOSYvDUQafeqDItagEGWPemkeoesStw8l5SUcF7XhhE/f3+CtjtsVXLF6Qwayg60WcYGKG+SoCmQs3GAEVG+GvHLrziCELLZ5CpcDVE/QSXIIs4FSmyDAt7iA8lVnHMgGTP5CniQz9NC5KmrBsaKZf47xc3zpx/OyLxxQ8b086++1hdduXnxoIxNdI9hrZpcowrWydjYQyeEB9hCrGtlbPL04yrDpsfERMnYmEyVV65ckzGotng6QSXIJc6omMov362AuzP57D56TQqvLsNQj3G1pT7elpPqgQ2esI01wB1LqIY6mHyWPaKajIozW/IG9RjXVOp5ViWezjxj84qziw3kLUUZFU3qStTTpYZhqMe4lqSeZ8/Ek5lnkGdbXIiMpZosdSHVwElFFuXBs3qMqyf1PFdTVMw8K7ANuFariOu91tBV10fVAPi9dnb3ndTzXFNRN/MM8jG5uDSu3GGfLCWew6a8jKS6JdcLXup5rjXxZHZKYWpKpmSs1ArwNYbKs0mseobrQup5rhPxcOYZPCVc5nB3SjyegoZ6hute6nmuc1E5BlYrk8+1LXU7BV0vtS71PN9puccnn2WPqyZjPcB3U+p5vstSjSFuV8Y6qI2HUk/vvSbu72PQNC3fRkiKAoSQ7ON4BBBAAAAte1CSAGUbBMR9N3lT13JXBrr/bRf5vha3fyZJFd92JwhCVedN7jkKcHbLFGygviWJpP6C1Iu8qGC4XuqlXu4T+X+ko3CBXjAGFAAAAABJRU5ErkJggg==');

-- ----------------------------
-- Table structure for tsatuan
-- ----------------------------
DROP TABLE IF EXISTS `tsatuan`;
CREATE TABLE `tsatuan`  (
  `KodeSatuan` varchar(55) CHARACTER SET latin1 COLLATE latin1_swedish_ci NOT NULL,
  `NamaSatuan` varchar(255) CHARACTER SET latin1 COLLATE latin1_swedish_ci NOT NULL,
  `StatusSatuan` int(1) NOT NULL,
  PRIMARY KEY (`KodeSatuan`) USING BTREE
) ENGINE = InnoDB CHARACTER SET = latin1 COLLATE = latin1_swedish_ci ROW_FORMAT = Dynamic;

-- ----------------------------
-- Records of tsatuan
-- ----------------------------
INSERT INTO `tsatuan` VALUES ('LT', 'Liter', 1);

-- ----------------------------
-- Table structure for userrole
-- ----------------------------
DROP TABLE IF EXISTS `userrole`;
CREATE TABLE `userrole`  (
  `userid` int(11) NOT NULL,
  `roleid` int(11) NULL DEFAULT NULL,
  PRIMARY KEY (`userid`) USING BTREE
) ENGINE = InnoDB CHARACTER SET = latin1 COLLATE = latin1_swedish_ci ROW_FORMAT = Dynamic;

-- ----------------------------
-- Records of userrole
-- ----------------------------
INSERT INTO `userrole` VALUES (1, 1);

-- ----------------------------
-- Table structure for users
-- ----------------------------
DROP TABLE IF EXISTS `users`;
CREATE TABLE `users`  (
  `id` int(11) NOT NULL AUTO_INCREMENT,
  `username` varchar(75) CHARACTER SET latin1 COLLATE latin1_swedish_ci NOT NULL,
  `nama` varchar(75) CHARACTER SET latin1 COLLATE latin1_swedish_ci NOT NULL,
  `password` varchar(255) CHARACTER SET latin1 COLLATE latin1_swedish_ci NOT NULL,
  `createdby` varchar(255) CHARACTER SET latin1 COLLATE latin1_swedish_ci NOT NULL,
  `createdon` datetime(0) NOT NULL,
  `HakAkses` int(255) NOT NULL,
  `token` varchar(255) CHARACTER SET latin1 COLLATE latin1_swedish_ci NOT NULL,
  `verified` bit(1) NOT NULL,
  `ip` varchar(255) CHARACTER SET latin1 COLLATE latin1_swedish_ci NOT NULL,
  `browser` varchar(255) CHARACTER SET latin1 COLLATE latin1_swedish_ci NOT NULL,
  `email` varchar(255) CHARACTER SET latin1 COLLATE latin1_swedish_ci NOT NULL,
  `phone` varchar(255) CHARACTER SET latin1 COLLATE latin1_swedish_ci NOT NULL,
  `RecordOwnerID` int(11) NOT NULL,
  `CompanyName` varchar(50) CHARACTER SET latin1 COLLATE latin1_swedish_ci NOT NULL,
  `CompanyAddress` varchar(255) CHARACTER SET latin1 COLLATE latin1_swedish_ci NOT NULL,
  `CompanyPhone` varchar(15) CHARACTER SET latin1 COLLATE latin1_swedish_ci NOT NULL,
  `IPPublic` varchar(15) CHARACTER SET latin1 COLLATE latin1_swedish_ci NOT NULL,
  `Nations` varchar(50) CHARACTER SET latin1 COLLATE latin1_swedish_ci NOT NULL,
  `Provinsi` varchar(50) CHARACTER SET latin1 COLLATE latin1_swedish_ci NOT NULL,
  `Kota` varchar(50) CHARACTER SET latin1 COLLATE latin1_swedish_ci NOT NULL,
  `Kelurahan` varchar(50) CHARACTER SET latin1 COLLATE latin1_swedish_ci NOT NULL,
  `Kecamatan` varchar(50) CHARACTER SET latin1 COLLATE latin1_swedish_ci NOT NULL,
  `KodePOS` varchar(10) CHARACTER SET latin1 COLLATE latin1_swedish_ci NOT NULL,
  `Location` varchar(255) CHARACTER SET latin1 COLLATE latin1_swedish_ci NOT NULL,
  `HardwareID` text CHARACTER SET latin1 COLLATE latin1_swedish_ci NOT NULL,
  `ImageProfile` text CHARACTER SET latin1 COLLATE latin1_swedish_ci NULL,
  `Saldo` double(16, 2) NULL DEFAULT 0,
  PRIMARY KEY (`id`) USING BTREE
) ENGINE = InnoDB AUTO_INCREMENT = 2 CHARACTER SET = latin1 COLLATE = latin1_swedish_ci ROW_FORMAT = Dynamic;

-- ----------------------------
-- Records of users
-- ----------------------------
INSERT INTO `users` VALUES (1, 'admin', 'UATTest', 'a9bdd47d7321d4089b3b00561c9c621848bd6f6e2f745a53d54913d613789c23945b66de6ded1eb336a7d526f9349a9d964d6f6c3a40e2ac90b4b16c0121f7895Xg53McbkyQ/NmW60Sf4cu3wJsi/8cyZXxeXV7g6b04=', '', '0000-00-00 00:00:00', 0, '', b'0', '', '', '', '', 0, '', '', '', '', '', '', '', '', '', '', '', '', NULL, 0.00);

-- ----------------------------
-- Triggers structure for table itemmasterdata
-- ----------------------------
DROP TRIGGER IF EXISTS `trg_addHist`;
delimiter ;;
CREATE TRIGGER `trg_addHist` AFTER INSERT ON `itemmasterdata` FOR EACH ROW INSERT INTO historyharga
VALUES(0,NEW.KodeItem,NEW.OldPrice,NEW.LastPrice,NEW.CreatedBy,NOW())
;;
delimiter ;

-- ----------------------------
-- Triggers structure for table itemmasterdata
-- ----------------------------
DROP TRIGGER IF EXISTS `trg_addHistUpd`;
delimiter ;;
CREATE TRIGGER `trg_addHistUpd` AFTER UPDATE ON `itemmasterdata` FOR EACH ROW IF NEW.LastPrice <> OLD.LastPrice THEN
	INSERT INTO historyharga
	VALUES(0,NEW.KodeItem,NEW.OldPrice,NEW.LastPrice,NEW.CreatedBy,NOW());
	
-- 	UPDATE itemmasterdata SET LastPrice = LastPrice, OldPrice = OLD.LastPrice WHERE KodeItem = NEW.KodeItem;
END IF
;;
delimiter ;

SET FOREIGN_KEY_CHECKS = 1;
